[0.000000] (-) TimerEvent: {}
[0.000116] (dis_tutorial3) JobQueued: {'identifier': 'dis_tutorial3', 'dependencies': OrderedDict()}
[0.000606] (dis_tutorial3) JobStarted: {'identifier': 'dis_tutorial3'}
[0.013420] (dis_tutorial3) JobProgress: {'identifier': 'dis_tutorial3', 'progress': 'cmake'}
[0.013794] (dis_tutorial3) Command: {'cmd': ['/usr/bin/cmake', '/home/puhster/Desktop/RINS_task2/src/dis_tutorial3', '-DAMENT_CMAKE_SYMLINK_INSTALL=1', '-DCMAKE_INSTALL_PREFIX=/home/puhster/Desktop/RINS_task2/install/dis_tutorial3'], 'cwd': '/home/puhster/Desktop/RINS_task2/build/dis_tutorial3', 'env': OrderedDict({'LESSOPEN': '| /usr/bin/lesspipe %s', 'IGN_IP': '127.0.0.1', 'GZ_SIM_RESOURCE_PATH': '/opt/ros/jazzy/share', 'USER': 'puhster', 'GZ_CONFIG_PATH': '/opt/ros/jazzy/opt/gz_sim_vendor/share/gz:/opt/ros/jazzy/opt/sdformat_vendor/share/gz:/opt/ros/jazzy/opt/gz_gui_vendor/share/gz:/opt/ros/jazzy/opt/gz_transport_vendor/share/gz:/opt/ros/jazzy/opt/gz_rendering_vendor/share/gz:/opt/ros/jazzy/opt/gz_plugin_vendor/share/gz:/opt/ros/jazzy/opt/gz_fuel_tools_vendor/share/gz:/opt/ros/jazzy/opt/gz_msgs_vendor/share/gz:/opt/ros/jazzy/opt/gz_common_vendor/share/gz', 'XDG_SESSION_TYPE': 'x11', 'SHLVL': '1', 'LD_LIBRARY_PATH': '/home/puhster/Desktop/RINS/install/msg_types/lib:/opt/ros/jazzy/opt/zenoh_cpp_vendor/lib:/opt/ros/jazzy/opt/gz_sim_vendor/lib:/opt/ros/jazzy/opt/gz_sensors_vendor/lib:/opt/ros/jazzy/opt/gz_physics_vendor/lib:/opt/ros/jazzy/opt/sdformat_vendor/lib:/opt/ros/jazzy/opt/rviz_ogre_vendor/lib:/opt/ros/jazzy/lib/x86_64-linux-gnu:/opt/ros/jazzy/opt/gz_gui_vendor/lib:/opt/ros/jazzy/opt/gz_transport_vendor/lib:/opt/ros/jazzy/opt/gz_rendering_vendor/lib:/opt/ros/jazzy/opt/gz_plugin_vendor/lib:/opt/ros/jazzy/opt/gz_fuel_tools_vendor/lib:/opt/ros/jazzy/opt/gz_msgs_vendor/lib:/opt/ros/jazzy/opt/gz_common_vendor/lib:/opt/ros/jazzy/opt/gz_math_vendor/lib:/opt/ros/jazzy/opt/gz_utils_vendor/lib:/opt/ros/jazzy/opt/gz_tools_vendor/lib:/opt/ros/jazzy/opt/gz_ogre_next_vendor/lib:/opt/ros/jazzy/opt/gz_dartsim_vendor/lib:/opt/ros/jazzy/opt/gz_cmake_vendor/lib:/opt/ros/jazzy/lib', 'HOME': '/home/puhster', 'DESKTOP_SESSION': 'ubuntu', 'ROS_PYTHON_VERSION': '3', 'GNOME_SHELL_SESSION_MODE': 'ubuntu', 'GTK_MODULES': 'gail:atk-bridge', 'DBUS_STARTER_BUS_TYPE': 'session', 'SYSTEMD_EXEC_PID': '3361', 'GSM_SKIP_SSH_AGENT_WORKAROUND': 'true', 'DBUS_SESSION_BUS_ADDRESS': 'unix:path=/run/user/1000/bus,guid=b39953d5ec9420c76bd3b9c769fb11e2', 'COLORTERM': 'truecolor', 'DEBUGINFOD_URLS': 'https://debuginfod.ubuntu.com', 'COLCON_PREFIX_PATH': '/home/puhster/Desktop/RINS/install', 'ROS_DISTRO': 'jazzy', 'LOGNAME': 'puhster', '_': '/usr/bin/colcon', 'ROS_VERSION': '2', 'MEMORY_PRESSURE_WATCH': '/sys/fs/cgroup/user.slice/user-1000.slice/user@1000.service/app.slice/app-gnome\\x2dsession\\x2dmanager.slice/gnome-session-manager@ubuntu.service/memory.pressure', 'XDG_SESSION_CLASS': 'user', 'USERNAME': 'puhster', 'TERM': 'xterm-256color', 'GNOME_DESKTOP_SESSION_ID': 'this-is-deprecated', 'WINDOWPATH': '2', 'PATH': '/opt/ros/jazzy/opt/gz_msgs_vendor/bin:/opt/ros/jazzy/opt/gz_tools_vendor/bin:/opt/ros/jazzy/opt/gz_ogre_next_vendor/bin:/opt/ros/jazzy/bin:/home/puhster/.local/bin:/usr/local/sbin:/usr/local/bin:/usr/sbin:/usr/bin:/sbin:/bin:/usr/games:/usr/local/games:/snap/bin:/snap/bin', 'SESSION_MANAGER': 'local/puhster-ROG-Strix-G18-G814JIR-G814JIR:@/tmp/.ICE-unix/3361,unix/puhster-ROG-Strix-G18-G814JIR-G814JIR:/tmp/.ICE-unix/3361', 'XDG_MENU_PREFIX': 'gnome-', 'GNOME_TERMINAL_SCREEN': '/org/gnome/Terminal/screen/9274533c_c95f_4838_b3b8_d2debc900d13', 'XDG_RUNTIME_DIR': '/run/user/1000', 'DISPLAY': ':1', 'LANG': 'en_US.UTF-8', 'XDG_CURRENT_DESKTOP': 'ubuntu:GNOME', 'RMW_IMPLEMENTATION': 'rmw_zenoh_cpp', 'XMODIFIERS': '@im=ibus', 'XDG_SESSION_DESKTOP': 'ubuntu', 'XAUTHORITY': '/run/user/1000/gdm/Xauthority', 'LS_COLORS': 'rs=0:di=01;34:ln=01;36:mh=00:pi=40;33:so=01;35:do=01;35:bd=40;33;01:cd=40;33;01:or=40;31;01:mi=00:su=37;41:sg=30;43:ca=00:tw=30;42:ow=34;42:st=37;44:ex=01;32:*.tar=01;31:*.tgz=01;31:*.arc=01;31:*.arj=01;31:*.taz=01;31:*.lha=01;31:*.lz4=01;31:*.lzh=01;31:*.lzma=01;31:*.tlz=01;31:*.txz=01;31:*.tzo=01;31:*.t7z=01;31:*.zip=01;31:*.z=01;31:*.dz=01;31:*.gz=01;31:*.lrz=01;31:*.lz=01;31:*.lzo=01;31:*.xz=01;31:*.zst=01;31:*.tzst=01;31:*.bz2=01;31:*.bz=01;31:*.tbz=01;31:*.tbz2=01;31:*.tz=01;31:*.deb=01;31:*.rpm=01;31:*.jar=01;31:*.war=01;31:*.ear=01;31:*.sar=01;31:*.rar=01;31:*.alz=01;31:*.ace=01;31:*.zoo=01;31:*.cpio=01;31:*.7z=01;31:*.rz=01;31:*.cab=01;31:*.wim=01;31:*.swm=01;31:*.dwm=01;31:*.esd=01;31:*.avif=01;35:*.jpg=01;35:*.jpeg=01;35:*.mjpg=01;35:*.mjpeg=01;35:*.gif=01;35:*.bmp=01;35:*.pbm=01;35:*.pgm=01;35:*.ppm=01;35:*.tga=01;35:*.xbm=01;35:*.xpm=01;35:*.tif=01;35:*.tiff=01;35:*.png=01;35:*.svg=01;35:*.svgz=01;35:*.mng=01;35:*.pcx=01;35:*.mov=01;35:*.mpg=01;35:*.mpeg=01;35:*.m2v=01;35:*.mkv=01;35:*.webm=01;35:*.webp=01;35:*.ogm=01;35:*.mp4=01;35:*.m4v=01;35:*.mp4v=01;35:*.vob=01;35:*.qt=01;35:*.nuv=01;35:*.wmv=01;35:*.asf=01;35:*.rm=01;35:*.rmvb=01;35:*.flc=01;35:*.avi=01;35:*.fli=01;35:*.flv=01;35:*.gl=01;35:*.dl=01;35:*.xcf=01;35:*.xwd=01;35:*.yuv=01;35:*.cgm=01;35:*.emf=01;35:*.ogv=01;35:*.ogx=01;35:*.aac=00;36:*.au=00;36:*.flac=00;36:*.m4a=00;36:*.mid=00;36:*.midi=00;36:*.mka=00;36:*.mp3=00;36:*.mpc=00;36:*.ogg=00;36:*.ra=00;36:*.wav=00;36:*.oga=00;36:*.opus=00;36:*.spx=00;36:*.xspf=00;36:*~=00;90:*#=00;90:*.bak=00;90:*.crdownload=00;90:*.dpkg-dist=00;90:*.dpkg-new=00;90:*.dpkg-old=00;90:*.dpkg-tmp=00;90:*.old=00;90:*.orig=00;90:*.part=00;90:*.rej=00;90:*.rpmnew=00;90:*.rpmorig=00;90:*.rpmsave=00;90:*.swp=00;90:*.tmp=00;90:*.ucf-dist=00;90:*.ucf-new=00;90:*.ucf-old=00;90:', 'GNOME_TERMINAL_SERVICE': ':1.468', 'MOZ_USE_XINPUT2': '1', 'SSH_AUTH_SOCK': '/run/user/1000/keyring/ssh', 'AMENT_PREFIX_PATH': '/home/puhster/Desktop/RINS/install/task1:/home/puhster/Desktop/RINS/install/msg_types:/home/puhster/Desktop/RINS/install/dis_tutorial3:/opt/ros/jazzy', 'SHELL': '/bin/bash', 'QT_ACCESSIBILITY': '1', 'GDMSESSION': 'ubuntu', 'LESSCLOSE': '/usr/bin/lesspipe %s %s', 'GPG_AGENT_INFO': '/run/user/1000/gnupg/S.gpg-agent:0:1', 'GZ_VERSION': 'harmonic', 'ROS_AUTOMATIC_DISCOVERY_RANGE': 'SUBNET', 'QT_IM_MODULE': 'ibus', 'PWD': '/home/puhster/Desktop/RINS_task2/build/dis_tutorial3', 'XDG_CONFIG_DIRS': '/etc/xdg/xdg-ubuntu:/etc/xdg', 'DBUS_STARTER_ADDRESS': 'unix:path=/run/user/1000/bus,guid=b39953d5ec9420c76bd3b9c769fb11e2', 'XDG_DATA_DIRS': '/usr/share/ubuntu:/usr/share/gnome:/usr/local/share/:/usr/share/:/var/lib/snapd/desktop', 'PYTHONPATH': '/home/puhster/Desktop/RINS/install/task1/lib/python3.12/site-packages:/home/puhster/Desktop/RINS/install/msg_types/lib/python3.12/site-packages:/opt/ros/jazzy/lib/python3.12/site-packages', 'COLCON': '1', 'MEMORY_PRESSURE_WRITE': 'c29tZSAyMDAwMDAgMjAwMDAwMAA=', 'VTE_VERSION': '7600', 'CMAKE_PREFIX_PATH': '/home/puhster/Desktop/RINS/install/msg_types:/home/puhster/Desktop/RINS/install/dis_tutorial3:/opt/ros/jazzy/opt/gz_sim_vendor:/opt/ros/jazzy/opt/gz_sensors_vendor:/opt/ros/jazzy/opt/gz_physics_vendor:/opt/ros/jazzy/opt/sdformat_vendor:/opt/ros/jazzy/opt/gz_gui_vendor:/opt/ros/jazzy/opt/gz_transport_vendor:/opt/ros/jazzy/opt/gz_rendering_vendor:/opt/ros/jazzy/opt/gz_plugin_vendor:/opt/ros/jazzy/opt/gz_fuel_tools_vendor:/opt/ros/jazzy/opt/gz_msgs_vendor:/opt/ros/jazzy/opt/gz_common_vendor:/opt/ros/jazzy/opt/gz_math_vendor:/opt/ros/jazzy/opt/gz_utils_vendor:/opt/ros/jazzy/opt/gz_tools_vendor:/opt/ros/jazzy/opt/gz_ogre_next_vendor:/opt/ros/jazzy/opt/gz_dartsim_vendor:/opt/ros/jazzy/opt/gz_cmake_vendor:/home/puhster/Desktop/RINS/install/task1:/opt/ros/jazzy'}), 'shell': False}
[0.099971] (-) TimerEvent: {}
[0.200429] (-) TimerEvent: {}
[0.201104] (dis_tutorial3) StdoutLine: {'line': b'-- The C compiler identification is GNU 13.3.0\n'}
[0.300523] (-) TimerEvent: {}
[0.322822] (dis_tutorial3) StdoutLine: {'line': b'-- The CXX compiler identification is GNU 13.3.0\n'}
[0.347503] (dis_tutorial3) StdoutLine: {'line': b'-- Detecting C compiler ABI info\n'}
[0.400765] (-) TimerEvent: {}
[0.453648] (dis_tutorial3) StdoutLine: {'line': b'-- Detecting C compiler ABI info - done\n'}
[0.467372] (dis_tutorial3) StdoutLine: {'line': b'-- Check for working C compiler: /usr/bin/cc - skipped\n'}
[0.468448] (dis_tutorial3) StdoutLine: {'line': b'-- Detecting C compile features\n'}
[0.469298] (dis_tutorial3) StdoutLine: {'line': b'-- Detecting C compile features - done\n'}
[0.483873] (dis_tutorial3) StdoutLine: {'line': b'-- Detecting CXX compiler ABI info\n'}
[0.500986] (-) TimerEvent: {}
[0.579743] (dis_tutorial3) StdoutLine: {'line': b'-- Detecting CXX compiler ABI info - done\n'}
[0.585968] (dis_tutorial3) StdoutLine: {'line': b'-- Check for working CXX compiler: /usr/bin/c++ - skipped\n'}
[0.586351] (dis_tutorial3) StdoutLine: {'line': b'-- Detecting CXX compile features\n'}
[0.586546] (dis_tutorial3) StdoutLine: {'line': b'-- Detecting CXX compile features - done\n'}
[0.601225] (-) TimerEvent: {}
[0.601672] (dis_tutorial3) StdoutLine: {'line': b'-- Found ament_cmake: 2.5.6 (/opt/ros/jazzy/share/ament_cmake/cmake)\n'}
[0.701552] (-) TimerEvent: {}
[0.725542] (dis_tutorial3) StdoutLine: {'line': b'-- Found Python3: /usr/bin/python3 (found version "3.12.3") found components: Interpreter \n'}
[0.790484] (dis_tutorial3) StdoutLine: {'line': b'-- Override CMake install command with custom implementation using symlinks instead of copying resources\n'}
[0.801767] (-) TimerEvent: {}
[0.846714] (dis_tutorial3) StdoutLine: {'line': b'-- Found rclcpp: 28.1.18 (/opt/ros/jazzy/share/rclcpp/cmake)\n'}
[0.902078] (-) TimerEvent: {}
[0.902460] (dis_tutorial3) StdoutLine: {'line': b'-- Found rosidl_generator_c: 4.6.7 (/opt/ros/jazzy/share/rosidl_generator_c/cmake)\n'}
[0.915460] (dis_tutorial3) StdoutLine: {'line': b'-- Found rosidl_generator_cpp: 4.6.7 (/opt/ros/jazzy/share/rosidl_generator_cpp/cmake)\n'}
[0.933071] (dis_tutorial3) StdoutLine: {'line': b'-- Using all available rosidl_typesupport_c: rosidl_typesupport_fastrtps_c;rosidl_typesupport_introspection_c\n'}
[0.948779] (dis_tutorial3) StdoutLine: {'line': b'-- Using all available rosidl_typesupport_cpp: rosidl_typesupport_fastrtps_cpp;rosidl_typesupport_introspection_cpp\n'}
[1.002392] (-) TimerEvent: {}
[1.020930] (dis_tutorial3) StdoutLine: {'line': b'-- Found rmw_implementation_cmake: 7.3.3 (/opt/ros/jazzy/share/rmw_implementation_cmake/cmake)\n'}
[1.024375] (dis_tutorial3) StdoutLine: {'line': b'-- Found rmw_zenoh_cpp: 0.2.9 (/opt/ros/jazzy/share/rmw_zenoh_cpp/cmake)\n'}
[1.025761] (dis_tutorial3) StdoutLine: {'line': b"-- Using RMW implementation 'rmw_zenoh_cpp' as default\n"}
[1.102602] (-) TimerEvent: {}
[1.121778] (dis_tutorial3) StdoutLine: {'line': b'-- Found rclpy: 7.1.11 (/opt/ros/jazzy/share/rclpy/cmake)\n'}
[1.124534] (dis_tutorial3) StdoutLine: {'line': b'-- Found std_msgs: 5.3.7 (/opt/ros/jazzy/share/std_msgs/cmake)\n'}
[1.137793] (dis_tutorial3) StdoutLine: {'line': b'-- Found std_srvs: 5.3.7 (/opt/ros/jazzy/share/std_srvs/cmake)\n'}
[1.202841] (-) TimerEvent: {}
[1.208072] (dis_tutorial3) StdoutLine: {'line': b'-- Configuring done (1.2s)\n'}
[1.210484] (dis_tutorial3) StdoutLine: {'line': b'-- Generating done (0.0s)\n'}
[1.213013] (dis_tutorial3) StdoutLine: {'line': b'-- Build files have been written to: /home/puhster/Desktop/RINS_task2/build/dis_tutorial3\n'}
[1.219599] (dis_tutorial3) CommandEnded: {'returncode': 0}
[1.219925] (dis_tutorial3) JobProgress: {'identifier': 'dis_tutorial3', 'progress': 'build'}
[1.219957] (dis_tutorial3) Command: {'cmd': ['/usr/bin/cmake', '--build', '/home/puhster/Desktop/RINS_task2/build/dis_tutorial3', '--', '-j32', '-l32'], 'cwd': '/home/puhster/Desktop/RINS_task2/build/dis_tutorial3', 'env': OrderedDict({'LESSOPEN': '| /usr/bin/lesspipe %s', 'IGN_IP': '127.0.0.1', 'GZ_SIM_RESOURCE_PATH': '/opt/ros/jazzy/share', 'USER': 'puhster', 'GZ_CONFIG_PATH': '/opt/ros/jazzy/opt/gz_sim_vendor/share/gz:/opt/ros/jazzy/opt/sdformat_vendor/share/gz:/opt/ros/jazzy/opt/gz_gui_vendor/share/gz:/opt/ros/jazzy/opt/gz_transport_vendor/share/gz:/opt/ros/jazzy/opt/gz_rendering_vendor/share/gz:/opt/ros/jazzy/opt/gz_plugin_vendor/share/gz:/opt/ros/jazzy/opt/gz_fuel_tools_vendor/share/gz:/opt/ros/jazzy/opt/gz_msgs_vendor/share/gz:/opt/ros/jazzy/opt/gz_common_vendor/share/gz', 'XDG_SESSION_TYPE': 'x11', 'SHLVL': '1', 'LD_LIBRARY_PATH': '/home/puhster/Desktop/RINS/install/msg_types/lib:/opt/ros/jazzy/opt/zenoh_cpp_vendor/lib:/opt/ros/jazzy/opt/gz_sim_vendor/lib:/opt/ros/jazzy/opt/gz_sensors_vendor/lib:/opt/ros/jazzy/opt/gz_physics_vendor/lib:/opt/ros/jazzy/opt/sdformat_vendor/lib:/opt/ros/jazzy/opt/rviz_ogre_vendor/lib:/opt/ros/jazzy/lib/x86_64-linux-gnu:/opt/ros/jazzy/opt/gz_gui_vendor/lib:/opt/ros/jazzy/opt/gz_transport_vendor/lib:/opt/ros/jazzy/opt/gz_rendering_vendor/lib:/opt/ros/jazzy/opt/gz_plugin_vendor/lib:/opt/ros/jazzy/opt/gz_fuel_tools_vendor/lib:/opt/ros/jazzy/opt/gz_msgs_vendor/lib:/opt/ros/jazzy/opt/gz_common_vendor/lib:/opt/ros/jazzy/opt/gz_math_vendor/lib:/opt/ros/jazzy/opt/gz_utils_vendor/lib:/opt/ros/jazzy/opt/gz_tools_vendor/lib:/opt/ros/jazzy/opt/gz_ogre_next_vendor/lib:/opt/ros/jazzy/opt/gz_dartsim_vendor/lib:/opt/ros/jazzy/opt/gz_cmake_vendor/lib:/opt/ros/jazzy/lib', 'HOME': '/home/puhster', 'DESKTOP_SESSION': 'ubuntu', 'ROS_PYTHON_VERSION': '3', 'GNOME_SHELL_SESSION_MODE': 'ubuntu', 'GTK_MODULES': 'gail:atk-bridge', 'DBUS_STARTER_BUS_TYPE': 'session', 'SYSTEMD_EXEC_PID': '3361', 'GSM_SKIP_SSH_AGENT_WORKAROUND': 'true', 'DBUS_SESSION_BUS_ADDRESS': 'unix:path=/run/user/1000/bus,guid=b39953d5ec9420c76bd3b9c769fb11e2', 'COLORTERM': 'truecolor', 'DEBUGINFOD_URLS': 'https://debuginfod.ubuntu.com', 'COLCON_PREFIX_PATH': '/home/puhster/Desktop/RINS/install', 'ROS_DISTRO': 'jazzy', 'LOGNAME': 'puhster', '_': '/usr/bin/colcon', 'ROS_VERSION': '2', 'MEMORY_PRESSURE_WATCH': '/sys/fs/cgroup/user.slice/user-1000.slice/user@1000.service/app.slice/app-gnome\\x2dsession\\x2dmanager.slice/gnome-session-manager@ubuntu.service/memory.pressure', 'XDG_SESSION_CLASS': 'user', 'USERNAME': 'puhster', 'TERM': 'xterm-256color', 'GNOME_DESKTOP_SESSION_ID': 'this-is-deprecated', 'WINDOWPATH': '2', 'PATH': '/opt/ros/jazzy/opt/gz_msgs_vendor/bin:/opt/ros/jazzy/opt/gz_tools_vendor/bin:/opt/ros/jazzy/opt/gz_ogre_next_vendor/bin:/opt/ros/jazzy/bin:/home/puhster/.local/bin:/usr/local/sbin:/usr/local/bin:/usr/sbin:/usr/bin:/sbin:/bin:/usr/games:/usr/local/games:/snap/bin:/snap/bin', 'SESSION_MANAGER': 'local/puhster-ROG-Strix-G18-G814JIR-G814JIR:@/tmp/.ICE-unix/3361,unix/puhster-ROG-Strix-G18-G814JIR-G814JIR:/tmp/.ICE-unix/3361', 'XDG_MENU_PREFIX': 'gnome-', 'GNOME_TERMINAL_SCREEN': '/org/gnome/Terminal/screen/9274533c_c95f_4838_b3b8_d2debc900d13', 'XDG_RUNTIME_DIR': '/run/user/1000', 'DISPLAY': ':1', 'LANG': 'en_US.UTF-8', 'XDG_CURRENT_DESKTOP': 'ubuntu:GNOME', 'RMW_IMPLEMENTATION': 'rmw_zenoh_cpp', 'XMODIFIERS': '@im=ibus', 'XDG_SESSION_DESKTOP': 'ubuntu', 'XAUTHORITY': '/run/user/1000/gdm/Xauthority', 'LS_COLORS': 'rs=0:di=01;34:ln=01;36:mh=00:pi=40;33:so=01;35:do=01;35:bd=40;33;01:cd=40;33;01:or=40;31;01:mi=00:su=37;41:sg=30;43:ca=00:tw=30;42:ow=34;42:st=37;44:ex=01;32:*.tar=01;31:*.tgz=01;31:*.arc=01;31:*.arj=01;31:*.taz=01;31:*.lha=01;31:*.lz4=01;31:*.lzh=01;31:*.lzma=01;31:*.tlz=01;31:*.txz=01;31:*.tzo=01;31:*.t7z=01;31:*.zip=01;31:*.z=01;31:*.dz=01;31:*.gz=01;31:*.lrz=01;31:*.lz=01;31:*.lzo=01;31:*.xz=01;31:*.zst=01;31:*.tzst=01;31:*.bz2=01;31:*.bz=01;31:*.tbz=01;31:*.tbz2=01;31:*.tz=01;31:*.deb=01;31:*.rpm=01;31:*.jar=01;31:*.war=01;31:*.ear=01;31:*.sar=01;31:*.rar=01;31:*.alz=01;31:*.ace=01;31:*.zoo=01;31:*.cpio=01;31:*.7z=01;31:*.rz=01;31:*.cab=01;31:*.wim=01;31:*.swm=01;31:*.dwm=01;31:*.esd=01;31:*.avif=01;35:*.jpg=01;35:*.jpeg=01;35:*.mjpg=01;35:*.mjpeg=01;35:*.gif=01;35:*.bmp=01;35:*.pbm=01;35:*.pgm=01;35:*.ppm=01;35:*.tga=01;35:*.xbm=01;35:*.xpm=01;35:*.tif=01;35:*.tiff=01;35:*.png=01;35:*.svg=01;35:*.svgz=01;35:*.mng=01;35:*.pcx=01;35:*.mov=01;35:*.mpg=01;35:*.mpeg=01;35:*.m2v=01;35:*.mkv=01;35:*.webm=01;35:*.webp=01;35:*.ogm=01;35:*.mp4=01;35:*.m4v=01;35:*.mp4v=01;35:*.vob=01;35:*.qt=01;35:*.nuv=01;35:*.wmv=01;35:*.asf=01;35:*.rm=01;35:*.rmvb=01;35:*.flc=01;35:*.avi=01;35:*.fli=01;35:*.flv=01;35:*.gl=01;35:*.dl=01;35:*.xcf=01;35:*.xwd=01;35:*.yuv=01;35:*.cgm=01;35:*.emf=01;35:*.ogv=01;35:*.ogx=01;35:*.aac=00;36:*.au=00;36:*.flac=00;36:*.m4a=00;36:*.mid=00;36:*.midi=00;36:*.mka=00;36:*.mp3=00;36:*.mpc=00;36:*.ogg=00;36:*.ra=00;36:*.wav=00;36:*.oga=00;36:*.opus=00;36:*.spx=00;36:*.xspf=00;36:*~=00;90:*#=00;90:*.bak=00;90:*.crdownload=00;90:*.dpkg-dist=00;90:*.dpkg-new=00;90:*.dpkg-old=00;90:*.dpkg-tmp=00;90:*.old=00;90:*.orig=00;90:*.part=00;90:*.rej=00;90:*.rpmnew=00;90:*.rpmorig=00;90:*.rpmsave=00;90:*.swp=00;90:*.tmp=00;90:*.ucf-dist=00;90:*.ucf-new=00;90:*.ucf-old=00;90:', 'GNOME_TERMINAL_SERVICE': ':1.468', 'MOZ_USE_XINPUT2': '1', 'SSH_AUTH_SOCK': '/run/user/1000/keyring/ssh', 'AMENT_PREFIX_PATH': '/home/puhster/Desktop/RINS/install/task1:/home/puhster/Desktop/RINS/install/msg_types:/home/puhster/Desktop/RINS/install/dis_tutorial3:/opt/ros/jazzy', 'SHELL': '/bin/bash', 'QT_ACCESSIBILITY': '1', 'GDMSESSION': 'ubuntu', 'LESSCLOSE': '/usr/bin/lesspipe %s %s', 'GPG_AGENT_INFO': '/run/user/1000/gnupg/S.gpg-agent:0:1', 'GZ_VERSION': 'harmonic', 'ROS_AUTOMATIC_DISCOVERY_RANGE': 'SUBNET', 'QT_IM_MODULE': 'ibus', 'PWD': '/home/puhster/Desktop/RINS_task2/build/dis_tutorial3', 'XDG_CONFIG_DIRS': '/etc/xdg/xdg-ubuntu:/etc/xdg', 'DBUS_STARTER_ADDRESS': 'unix:path=/run/user/1000/bus,guid=b39953d5ec9420c76bd3b9c769fb11e2', 'XDG_DATA_DIRS': '/usr/share/ubuntu:/usr/share/gnome:/usr/local/share/:/usr/share/:/var/lib/snapd/desktop', 'PYTHONPATH': '/home/puhster/Desktop/RINS/install/task1/lib/python3.12/site-packages:/home/puhster/Desktop/RINS/install/msg_types/lib/python3.12/site-packages:/opt/ros/jazzy/lib/python3.12/site-packages', 'COLCON': '1', 'MEMORY_PRESSURE_WRITE': 'c29tZSAyMDAwMDAgMjAwMDAwMAA=', 'VTE_VERSION': '7600', 'CMAKE_PREFIX_PATH': '/home/puhster/Desktop/RINS/install/msg_types:/home/puhster/Desktop/RINS/install/dis_tutorial3:/opt/ros/jazzy/opt/gz_sim_vendor:/opt/ros/jazzy/opt/gz_sensors_vendor:/opt/ros/jazzy/opt/gz_physics_vendor:/opt/ros/jazzy/opt/sdformat_vendor:/opt/ros/jazzy/opt/gz_gui_vendor:/opt/ros/jazzy/opt/gz_transport_vendor:/opt/ros/jazzy/opt/gz_rendering_vendor:/opt/ros/jazzy/opt/gz_plugin_vendor:/opt/ros/jazzy/opt/gz_fuel_tools_vendor:/opt/ros/jazzy/opt/gz_msgs_vendor:/opt/ros/jazzy/opt/gz_common_vendor:/opt/ros/jazzy/opt/gz_math_vendor:/opt/ros/jazzy/opt/gz_utils_vendor:/opt/ros/jazzy/opt/gz_tools_vendor:/opt/ros/jazzy/opt/gz_ogre_next_vendor:/opt/ros/jazzy/opt/gz_dartsim_vendor:/opt/ros/jazzy/opt/gz_cmake_vendor:/home/puhster/Desktop/RINS/install/task1:/opt/ros/jazzy'}), 'shell': False}
[1.249491] (dis_tutorial3) CommandEnded: {'returncode': 0}
[1.250301] (dis_tutorial3) JobProgress: {'identifier': 'dis_tutorial3', 'progress': 'install'}
[1.257725] (dis_tutorial3) Command: {'cmd': ['/usr/bin/cmake', '--install', '/home/puhster/Desktop/RINS_task2/build/dis_tutorial3'], 'cwd': '/home/puhster/Desktop/RINS_task2/build/dis_tutorial3', 'env': OrderedDict({'LESSOPEN': '| /usr/bin/lesspipe %s', 'IGN_IP': '127.0.0.1', 'GZ_SIM_RESOURCE_PATH': '/opt/ros/jazzy/share', 'USER': 'puhster', 'GZ_CONFIG_PATH': '/opt/ros/jazzy/opt/gz_sim_vendor/share/gz:/opt/ros/jazzy/opt/sdformat_vendor/share/gz:/opt/ros/jazzy/opt/gz_gui_vendor/share/gz:/opt/ros/jazzy/opt/gz_transport_vendor/share/gz:/opt/ros/jazzy/opt/gz_rendering_vendor/share/gz:/opt/ros/jazzy/opt/gz_plugin_vendor/share/gz:/opt/ros/jazzy/opt/gz_fuel_tools_vendor/share/gz:/opt/ros/jazzy/opt/gz_msgs_vendor/share/gz:/opt/ros/jazzy/opt/gz_common_vendor/share/gz', 'XDG_SESSION_TYPE': 'x11', 'SHLVL': '1', 'LD_LIBRARY_PATH': '/home/puhster/Desktop/RINS/install/msg_types/lib:/opt/ros/jazzy/opt/zenoh_cpp_vendor/lib:/opt/ros/jazzy/opt/gz_sim_vendor/lib:/opt/ros/jazzy/opt/gz_sensors_vendor/lib:/opt/ros/jazzy/opt/gz_physics_vendor/lib:/opt/ros/jazzy/opt/sdformat_vendor/lib:/opt/ros/jazzy/opt/rviz_ogre_vendor/lib:/opt/ros/jazzy/lib/x86_64-linux-gnu:/opt/ros/jazzy/opt/gz_gui_vendor/lib:/opt/ros/jazzy/opt/gz_transport_vendor/lib:/opt/ros/jazzy/opt/gz_rendering_vendor/lib:/opt/ros/jazzy/opt/gz_plugin_vendor/lib:/opt/ros/jazzy/opt/gz_fuel_tools_vendor/lib:/opt/ros/jazzy/opt/gz_msgs_vendor/lib:/opt/ros/jazzy/opt/gz_common_vendor/lib:/opt/ros/jazzy/opt/gz_math_vendor/lib:/opt/ros/jazzy/opt/gz_utils_vendor/lib:/opt/ros/jazzy/opt/gz_tools_vendor/lib:/opt/ros/jazzy/opt/gz_ogre_next_vendor/lib:/opt/ros/jazzy/opt/gz_dartsim_vendor/lib:/opt/ros/jazzy/opt/gz_cmake_vendor/lib:/opt/ros/jazzy/lib', 'HOME': '/home/puhster', 'DESKTOP_SESSION': 'ubuntu', 'ROS_PYTHON_VERSION': '3', 'GNOME_SHELL_SESSION_MODE': 'ubuntu', 'GTK_MODULES': 'gail:atk-bridge', 'DBUS_STARTER_BUS_TYPE': 'session', 'SYSTEMD_EXEC_PID': '3361', 'GSM_SKIP_SSH_AGENT_WORKAROUND': 'true', 'DBUS_SESSION_BUS_ADDRESS': 'unix:path=/run/user/1000/bus,guid=b39953d5ec9420c76bd3b9c769fb11e2', 'COLORTERM': 'truecolor', 'DEBUGINFOD_URLS': 'https://debuginfod.ubuntu.com', 'COLCON_PREFIX_PATH': '/home/puhster/Desktop/RINS/install', 'ROS_DISTRO': 'jazzy', 'LOGNAME': 'puhster', '_': '/usr/bin/colcon', 'ROS_VERSION': '2', 'MEMORY_PRESSURE_WATCH': '/sys/fs/cgroup/user.slice/user-1000.slice/user@1000.service/app.slice/app-gnome\\x2dsession\\x2dmanager.slice/gnome-session-manager@ubuntu.service/memory.pressure', 'XDG_SESSION_CLASS': 'user', 'USERNAME': 'puhster', 'TERM': 'xterm-256color', 'GNOME_DESKTOP_SESSION_ID': 'this-is-deprecated', 'WINDOWPATH': '2', 'PATH': '/opt/ros/jazzy/opt/gz_msgs_vendor/bin:/opt/ros/jazzy/opt/gz_tools_vendor/bin:/opt/ros/jazzy/opt/gz_ogre_next_vendor/bin:/opt/ros/jazzy/bin:/home/puhster/.local/bin:/usr/local/sbin:/usr/local/bin:/usr/sbin:/usr/bin:/sbin:/bin:/usr/games:/usr/local/games:/snap/bin:/snap/bin', 'SESSION_MANAGER': 'local/puhster-ROG-Strix-G18-G814JIR-G814JIR:@/tmp/.ICE-unix/3361,unix/puhster-ROG-Strix-G18-G814JIR-G814JIR:/tmp/.ICE-unix/3361', 'XDG_MENU_PREFIX': 'gnome-', 'GNOME_TERMINAL_SCREEN': '/org/gnome/Terminal/screen/9274533c_c95f_4838_b3b8_d2debc900d13', 'XDG_RUNTIME_DIR': '/run/user/1000', 'DISPLAY': ':1', 'LANG': 'en_US.UTF-8', 'XDG_CURRENT_DESKTOP': 'ubuntu:GNOME', 'RMW_IMPLEMENTATION': 'rmw_zenoh_cpp', 'XMODIFIERS': '@im=ibus', 'XDG_SESSION_DESKTOP': 'ubuntu', 'XAUTHORITY': '/run/user/1000/gdm/Xauthority', 'LS_COLORS': 'rs=0:di=01;34:ln=01;36:mh=00:pi=40;33:so=01;35:do=01;35:bd=40;33;01:cd=40;33;01:or=40;31;01:mi=00:su=37;41:sg=30;43:ca=00:tw=30;42:ow=34;42:st=37;44:ex=01;32:*.tar=01;31:*.tgz=01;31:*.arc=01;31:*.arj=01;31:*.taz=01;31:*.lha=01;31:*.lz4=01;31:*.lzh=01;31:*.lzma=01;31:*.tlz=01;31:*.txz=01;31:*.tzo=01;31:*.t7z=01;31:*.zip=01;31:*.z=01;31:*.dz=01;31:*.gz=01;31:*.lrz=01;31:*.lz=01;31:*.lzo=01;31:*.xz=01;31:*.zst=01;31:*.tzst=01;31:*.bz2=01;31:*.bz=01;31:*.tbz=01;31:*.tbz2=01;31:*.tz=01;31:*.deb=01;31:*.rpm=01;31:*.jar=01;31:*.war=01;31:*.ear=01;31:*.sar=01;31:*.rar=01;31:*.alz=01;31:*.ace=01;31:*.zoo=01;31:*.cpio=01;31:*.7z=01;31:*.rz=01;31:*.cab=01;31:*.wim=01;31:*.swm=01;31:*.dwm=01;31:*.esd=01;31:*.avif=01;35:*.jpg=01;35:*.jpeg=01;35:*.mjpg=01;35:*.mjpeg=01;35:*.gif=01;35:*.bmp=01;35:*.pbm=01;35:*.pgm=01;35:*.ppm=01;35:*.tga=01;35:*.xbm=01;35:*.xpm=01;35:*.tif=01;35:*.tiff=01;35:*.png=01;35:*.svg=01;35:*.svgz=01;35:*.mng=01;35:*.pcx=01;35:*.mov=01;35:*.mpg=01;35:*.mpeg=01;35:*.m2v=01;35:*.mkv=01;35:*.webm=01;35:*.webp=01;35:*.ogm=01;35:*.mp4=01;35:*.m4v=01;35:*.mp4v=01;35:*.vob=01;35:*.qt=01;35:*.nuv=01;35:*.wmv=01;35:*.asf=01;35:*.rm=01;35:*.rmvb=01;35:*.flc=01;35:*.avi=01;35:*.fli=01;35:*.flv=01;35:*.gl=01;35:*.dl=01;35:*.xcf=01;35:*.xwd=01;35:*.yuv=01;35:*.cgm=01;35:*.emf=01;35:*.ogv=01;35:*.ogx=01;35:*.aac=00;36:*.au=00;36:*.flac=00;36:*.m4a=00;36:*.mid=00;36:*.midi=00;36:*.mka=00;36:*.mp3=00;36:*.mpc=00;36:*.ogg=00;36:*.ra=00;36:*.wav=00;36:*.oga=00;36:*.opus=00;36:*.spx=00;36:*.xspf=00;36:*~=00;90:*#=00;90:*.bak=00;90:*.crdownload=00;90:*.dpkg-dist=00;90:*.dpkg-new=00;90:*.dpkg-old=00;90:*.dpkg-tmp=00;90:*.old=00;90:*.orig=00;90:*.part=00;90:*.rej=00;90:*.rpmnew=00;90:*.rpmorig=00;90:*.rpmsave=00;90:*.swp=00;90:*.tmp=00;90:*.ucf-dist=00;90:*.ucf-new=00;90:*.ucf-old=00;90:', 'GNOME_TERMINAL_SERVICE': ':1.468', 'MOZ_USE_XINPUT2': '1', 'SSH_AUTH_SOCK': '/run/user/1000/keyring/ssh', 'AMENT_PREFIX_PATH': '/home/puhster/Desktop/RINS/install/task1:/home/puhster/Desktop/RINS/install/msg_types:/home/puhster/Desktop/RINS/install/dis_tutorial3:/opt/ros/jazzy', 'SHELL': '/bin/bash', 'QT_ACCESSIBILITY': '1', 'GDMSESSION': 'ubuntu', 'LESSCLOSE': '/usr/bin/lesspipe %s %s', 'GPG_AGENT_INFO': '/run/user/1000/gnupg/S.gpg-agent:0:1', 'GZ_VERSION': 'harmonic', 'ROS_AUTOMATIC_DISCOVERY_RANGE': 'SUBNET', 'QT_IM_MODULE': 'ibus', 'PWD': '/home/puhster/Desktop/RINS_task2/build/dis_tutorial3', 'XDG_CONFIG_DIRS': '/etc/xdg/xdg-ubuntu:/etc/xdg', 'DBUS_STARTER_ADDRESS': 'unix:path=/run/user/1000/bus,guid=b39953d5ec9420c76bd3b9c769fb11e2', 'XDG_DATA_DIRS': '/usr/share/ubuntu:/usr/share/gnome:/usr/local/share/:/usr/share/:/var/lib/snapd/desktop', 'PYTHONPATH': '/home/puhster/Desktop/RINS/install/task1/lib/python3.12/site-packages:/home/puhster/Desktop/RINS/install/msg_types/lib/python3.12/site-packages:/opt/ros/jazzy/lib/python3.12/site-packages', 'COLCON': '1', 'MEMORY_PRESSURE_WRITE': 'c29tZSAyMDAwMDAgMjAwMDAwMAA=', 'VTE_VERSION': '7600', 'CMAKE_PREFIX_PATH': '/home/puhster/Desktop/RINS/install/msg_types:/home/puhster/Desktop/RINS/install/dis_tutorial3:/opt/ros/jazzy/opt/gz_sim_vendor:/opt/ros/jazzy/opt/gz_sensors_vendor:/opt/ros/jazzy/opt/gz_physics_vendor:/opt/ros/jazzy/opt/sdformat_vendor:/opt/ros/jazzy/opt/gz_gui_vendor:/opt/ros/jazzy/opt/gz_transport_vendor:/opt/ros/jazzy/opt/gz_rendering_vendor:/opt/ros/jazzy/opt/gz_plugin_vendor:/opt/ros/jazzy/opt/gz_fuel_tools_vendor:/opt/ros/jazzy/opt/gz_msgs_vendor:/opt/ros/jazzy/opt/gz_common_vendor:/opt/ros/jazzy/opt/gz_math_vendor:/opt/ros/jazzy/opt/gz_utils_vendor:/opt/ros/jazzy/opt/gz_tools_vendor:/opt/ros/jazzy/opt/gz_ogre_next_vendor:/opt/ros/jazzy/opt/gz_dartsim_vendor:/opt/ros/jazzy/opt/gz_cmake_vendor:/home/puhster/Desktop/RINS/install/task1:/opt/ros/jazzy'}), 'shell': False}
[1.264757] (dis_tutorial3) StdoutLine: {'line': b'-- Install configuration: ""\n'}
[1.265372] (dis_tutorial3) StdoutLine: {'line': b'-- Execute custom install script\n'}
[1.266014] (dis_tutorial3) StdoutLine: {'line': b'-- Symlinking: /home/puhster/Desktop/RINS_task2/install/dis_tutorial3/share/dis_tutorial3//launch/dis_sim.launch.py\n'}
[1.273736] (dis_tutorial3) StdoutLine: {'line': b'-- Symlinking: /home/puhster/Desktop/RINS_task2/install/dis_tutorial3/share/dis_tutorial3//launch/fixed_navigation.launch.py\n'}
[1.280888] (dis_tutorial3) StdoutLine: {'line': b'-- Symlinking: /home/puhster/Desktop/RINS_task2/install/dis_tutorial3/share/dis_tutorial3//launch/localization.launch.py\n'}
[1.287203] (dis_tutorial3) StdoutLine: {'line': b'-- Symlinking: /home/puhster/Desktop/RINS_task2/install/dis_tutorial3/share/dis_tutorial3//launch/nav2.launch.py\n'}
[1.293796] (dis_tutorial3) StdoutLine: {'line': b'-- Symlinking: /home/puhster/Desktop/RINS_task2/install/dis_tutorial3/share/dis_tutorial3//launch/robot_description.launch.py\n'}
[1.300320] (dis_tutorial3) StdoutLine: {'line': b'-- Symlinking: /home/puhster/Desktop/RINS_task2/install/dis_tutorial3/share/dis_tutorial3//launch/sim.launch.py\n'}
[1.303044] (-) TimerEvent: {}
[1.306518] (dis_tutorial3) StdoutLine: {'line': b'-- Symlinking: /home/puhster/Desktop/RINS_task2/install/dis_tutorial3/share/dis_tutorial3//launch/sim_turtlebot_nav.launch.py\n'}
[1.314037] (dis_tutorial3) StdoutLine: {'line': b'-- Symlinking: /home/puhster/Desktop/RINS_task2/install/dis_tutorial3/share/dis_tutorial3//launch/sim_turtlebot_slam.launch.py\n'}
[1.320961] (dis_tutorial3) StdoutLine: {'line': b'-- Symlinking: /home/puhster/Desktop/RINS_task2/install/dis_tutorial3/share/dis_tutorial3//launch/slam.launch.py\n'}
[1.328398] (dis_tutorial3) StdoutLine: {'line': b'-- Symlinking: /home/puhster/Desktop/RINS_task2/install/dis_tutorial3/share/dis_tutorial3//launch/turtlebot4_spawn.launch.py\n'}
[1.333630] (dis_tutorial3) StdoutLine: {'line': b'-- Symlinking: /home/puhster/Desktop/RINS_task2/install/dis_tutorial3/share/dis_tutorial3//config/laser_filter_chain.yaml\n'}
[1.338966] (dis_tutorial3) StdoutLine: {'line': b'-- Symlinking: /home/puhster/Desktop/RINS_task2/install/dis_tutorial3/share/dis_tutorial3//config/localization.yaml\n'}
[1.345765] (dis_tutorial3) StdoutLine: {'line': b'-- Symlinking: /home/puhster/Desktop/RINS_task2/install/dis_tutorial3/share/dis_tutorial3//config/nav2.yaml\n'}
[1.351399] (dis_tutorial3) StdoutLine: {'line': b'-- Symlinking: /home/puhster/Desktop/RINS_task2/install/dis_tutorial3/share/dis_tutorial3//config/slam.yaml\n'}
[1.357761] (dis_tutorial3) StdoutLine: {'line': b'-- Symlinking: /home/puhster/Desktop/RINS_task2/install/dis_tutorial3/share/dis_tutorial3//worlds/2024/task2_demo1.sdf\n'}
[1.362821] (dis_tutorial3) StdoutLine: {'line': b'-- Symlinking: /home/puhster/Desktop/RINS_task2/install/dis_tutorial3/share/dis_tutorial3//worlds/2024/task2_demo1_meshes/cylinders.jpg\n'}
[1.367936] (dis_tutorial3) StdoutLine: {'line': b'-- Symlinking: /home/puhster/Desktop/RINS_task2/install/dis_tutorial3/share/dis_tutorial3//worlds/2024/task2_demo1_meshes/fakering1.jpg\n'}
[1.374442] (dis_tutorial3) StdoutLine: {'line': b'-- Symlinking: /home/puhster/Desktop/RINS_task2/install/dis_tutorial3/share/dis_tutorial3//worlds/2024/task2_demo1_meshes/fakering2.jpg\n'}
[1.378756] (dis_tutorial3) StdoutLine: {'line': b'-- Symlinking: /home/puhster/Desktop/RINS_task2/install/dis_tutorial3/share/dis_tutorial3//worlds/2024/task2_demo1_meshes/fakering3.jpg\n'}
[1.383262] (dis_tutorial3) StdoutLine: {'line': b'-- Symlinking: /home/puhster/Desktop/RINS_task2/install/dis_tutorial3/share/dis_tutorial3//worlds/2024/task2_demo1_meshes/ground.jpg\n'}
[1.386769] (dis_tutorial3) StdoutLine: {'line': b'-- Symlinking: /home/puhster/Desktop/RINS_task2/install/dis_tutorial3/share/dis_tutorial3//worlds/2024/task2_demo1_meshes/map.dae\n'}
[1.391713] (dis_tutorial3) StdoutLine: {'line': b'-- Symlinking: /home/puhster/Desktop/RINS_task2/install/dis_tutorial3/share/dis_tutorial3//worlds/2024/task2_demo1_meshes/map_colliders.dae\n'}
[1.396057] (dis_tutorial3) StdoutLine: {'line': b'-- Symlinking: /home/puhster/Desktop/RINS_task2/install/dis_tutorial3/share/dis_tutorial3//worlds/2024/task2_demo1_meshes/objects.jpg\n'}
[1.400089] (dis_tutorial3) StdoutLine: {'line': b'-- Symlinking: /home/puhster/Desktop/RINS_task2/install/dis_tutorial3/share/dis_tutorial3//worlds/2024/task2_demo1_meshes/parking_space.jpg\n'}
[1.403187] (-) TimerEvent: {}
[1.404400] (dis_tutorial3) StdoutLine: {'line': b'-- Symlinking: /home/puhster/Desktop/RINS_task2/install/dis_tutorial3/share/dis_tutorial3//worlds/2024/task2_demo2.sdf\n'}
[1.409884] (dis_tutorial3) StdoutLine: {'line': b'-- Symlinking: /home/puhster/Desktop/RINS_task2/install/dis_tutorial3/share/dis_tutorial3//worlds/2024/task2_demo2_meshes/cylinders.jpg\n'}
[1.414907] (dis_tutorial3) StdoutLine: {'line': b'-- Symlinking: /home/puhster/Desktop/RINS_task2/install/dis_tutorial3/share/dis_tutorial3//worlds/2024/task2_demo2_meshes/fakering1.jpg\n'}
[1.418382] (dis_tutorial3) StdoutLine: {'line': b'-- Symlinking: /home/puhster/Desktop/RINS_task2/install/dis_tutorial3/share/dis_tutorial3//worlds/2024/task2_demo2_meshes/fakering2.jpg\n'}
[1.423247] (dis_tutorial3) StdoutLine: {'line': b'-- Symlinking: /home/puhster/Desktop/RINS_task2/install/dis_tutorial3/share/dis_tutorial3//worlds/2024/task2_demo2_meshes/fakering3.jpg\n'}
[1.428041] (dis_tutorial3) StdoutLine: {'line': b'-- Symlinking: /home/puhster/Desktop/RINS_task2/install/dis_tutorial3/share/dis_tutorial3//worlds/2024/task2_demo2_meshes/ground.jpg\n'}
[1.433215] (dis_tutorial3) StdoutLine: {'line': b'-- Symlinking: /home/puhster/Desktop/RINS_task2/install/dis_tutorial3/share/dis_tutorial3//worlds/2024/task2_demo2_meshes/map.dae\n'}
[1.440337] (dis_tutorial3) StdoutLine: {'line': b'-- Symlinking: /home/puhster/Desktop/RINS_task2/install/dis_tutorial3/share/dis_tutorial3//worlds/2024/task2_demo2_meshes/map_colliders.dae\n'}
[1.446401] (dis_tutorial3) StdoutLine: {'line': b'-- Symlinking: /home/puhster/Desktop/RINS_task2/install/dis_tutorial3/share/dis_tutorial3//worlds/2024/task2_demo2_meshes/objects.jpg\n'}
[1.452686] (dis_tutorial3) StdoutLine: {'line': b'-- Symlinking: /home/puhster/Desktop/RINS_task2/install/dis_tutorial3/share/dis_tutorial3//worlds/2024/task2_demo2_meshes/parking_space.jpg\n'}
[1.459348] (dis_tutorial3) StdoutLine: {'line': b'-- Symlinking: /home/puhster/Desktop/RINS_task2/install/dis_tutorial3/share/dis_tutorial3//worlds/2024/task3.sdf\n'}
[1.465333] (dis_tutorial3) StdoutLine: {'line': b'-- Symlinking: /home/puhster/Desktop/RINS_task2/install/dis_tutorial3/share/dis_tutorial3//worlds/2024/task3_meshes/anomona_0.png\n'}
[1.471718] (dis_tutorial3) StdoutLine: {'line': b'-- Symlinking: /home/puhster/Desktop/RINS_task2/install/dis_tutorial3/share/dis_tutorial3//worlds/2024/task3_meshes/anomona_1.png\n'}
[1.478401] (dis_tutorial3) StdoutLine: {'line': b'-- Symlinking: /home/puhster/Desktop/RINS_task2/install/dis_tutorial3/share/dis_tutorial3//worlds/2024/task3_meshes/anomona_2.png\n'}
[1.483088] (dis_tutorial3) StdoutLine: {'line': b'-- Symlinking: /home/puhster/Desktop/RINS_task2/install/dis_tutorial3/share/dis_tutorial3//worlds/2024/task3_meshes/anomona_3.png\n'}
[1.489873] (dis_tutorial3) StdoutLine: {'line': b'-- Symlinking: /home/puhster/Desktop/RINS_task2/install/dis_tutorial3/share/dis_tutorial3//worlds/2024/task3_meshes/anomona_4.png\n'}
[1.496244] (dis_tutorial3) StdoutLine: {'line': b'-- Symlinking: /home/puhster/Desktop/RINS_task2/install/dis_tutorial3/share/dis_tutorial3//worlds/2024/task3_meshes/cylinders.jpg\n'}
[1.503124] (dis_tutorial3) StdoutLine: {'line': b'-- Symlinking: /home/puhster/Desktop/RINS_task2/install/dis_tutorial3/share/dis_tutorial3//worlds/2024/task3_meshes/easy_anomona_0.png\n'}
[1.503229] (-) TimerEvent: {}
[1.507702] (dis_tutorial3) StdoutLine: {'line': b'-- Symlinking: /home/puhster/Desktop/RINS_task2/install/dis_tutorial3/share/dis_tutorial3//worlds/2024/task3_meshes/easy_anomona_1.png\n'}
[1.513672] (dis_tutorial3) StdoutLine: {'line': b'-- Symlinking: /home/puhster/Desktop/RINS_task2/install/dis_tutorial3/share/dis_tutorial3//worlds/2024/task3_meshes/easy_anomona_2.png\n'}
[1.520135] (dis_tutorial3) StdoutLine: {'line': b'-- Symlinking: /home/puhster/Desktop/RINS_task2/install/dis_tutorial3/share/dis_tutorial3//worlds/2024/task3_meshes/easy_anomona_3.png\n'}
[1.525980] (dis_tutorial3) StdoutLine: {'line': b'-- Symlinking: /home/puhster/Desktop/RINS_task2/install/dis_tutorial3/share/dis_tutorial3//worlds/2024/task3_meshes/easy_anomona_4.png\n'}
[1.533181] (dis_tutorial3) StdoutLine: {'line': b'-- Symlinking: /home/puhster/Desktop/RINS_task2/install/dis_tutorial3/share/dis_tutorial3//worlds/2024/task3_meshes/fakering1.jpg\n'}
[1.538809] (dis_tutorial3) StdoutLine: {'line': b'-- Symlinking: /home/puhster/Desktop/RINS_task2/install/dis_tutorial3/share/dis_tutorial3//worlds/2024/task3_meshes/fakering2.jpg\n'}
[1.545191] (dis_tutorial3) StdoutLine: {'line': b'-- Symlinking: /home/puhster/Desktop/RINS_task2/install/dis_tutorial3/share/dis_tutorial3//worlds/2024/task3_meshes/fakering3.jpg\n'}
[1.552318] (dis_tutorial3) StdoutLine: {'line': b'-- Symlinking: /home/puhster/Desktop/RINS_task2/install/dis_tutorial3/share/dis_tutorial3//worlds/2024/task3_meshes/ground.jpg\n'}
[1.558068] (dis_tutorial3) StdoutLine: {'line': b'-- Symlinking: /home/puhster/Desktop/RINS_task2/install/dis_tutorial3/share/dis_tutorial3//worlds/2024/task3_meshes/map.dae\n'}
[1.565107] (dis_tutorial3) StdoutLine: {'line': b'-- Symlinking: /home/puhster/Desktop/RINS_task2/install/dis_tutorial3/share/dis_tutorial3//worlds/2024/task3_meshes/map_colliders.dae\n'}
[1.570953] (dis_tutorial3) StdoutLine: {'line': b'-- Symlinking: /home/puhster/Desktop/RINS_task2/install/dis_tutorial3/share/dis_tutorial3//worlds/2024/task3_meshes/mona.png\n'}
[1.578281] (dis_tutorial3) StdoutLine: {'line': b'-- Symlinking: /home/puhster/Desktop/RINS_task2/install/dis_tutorial3/share/dis_tutorial3//worlds/2024/task3_meshes/objects.jpg\n'}
[1.584830] (dis_tutorial3) StdoutLine: {'line': b'-- Symlinking: /home/puhster/Desktop/RINS_task2/install/dis_tutorial3/share/dis_tutorial3//worlds/2024/task3_meshes/parking_space.jpg\n'}
[1.590760] (dis_tutorial3) StdoutLine: {'line': b'-- Symlinking: /home/puhster/Desktop/RINS_task2/install/dis_tutorial3/share/dis_tutorial3//worlds/2024/task3_meshes/qr_cheat.png\n'}
[1.596633] (dis_tutorial3) StdoutLine: {'line': b'-- Symlinking: /home/puhster/Desktop/RINS_task2/install/dis_tutorial3/share/dis_tutorial3//worlds/2024/task3_meshes/qr_url.png\n'}
[1.602720] (dis_tutorial3) StdoutLine: {'line': b'-- Symlinking: /home/puhster/Desktop/RINS_task2/install/dis_tutorial3/share/dis_tutorial3//worlds/2024/task3_meshes/qr_wrong.png\n'}
[1.603298] (-) TimerEvent: {}
[1.609594] (dis_tutorial3) StdoutLine: {'line': b'-- Symlinking: /home/puhster/Desktop/RINS_task2/install/dis_tutorial3/share/dis_tutorial3//worlds/2024/task3_meshes/villager1.png\n'}
[1.614728] (dis_tutorial3) StdoutLine: {'line': b'-- Symlinking: /home/puhster/Desktop/RINS_task2/install/dis_tutorial3/share/dis_tutorial3//worlds/2024/task3_meshes/villager2.png\n'}
[1.621044] (dis_tutorial3) StdoutLine: {'line': b'-- Symlinking: /home/puhster/Desktop/RINS_task2/install/dis_tutorial3/share/dis_tutorial3//worlds/2024/task3_meshes/villager3.png\n'}
[1.626498] (dis_tutorial3) StdoutLine: {'line': b'-- Symlinking: /home/puhster/Desktop/RINS_task2/install/dis_tutorial3/share/dis_tutorial3//worlds/2024/task3_meshes/villager4.png\n'}
[1.632191] (dis_tutorial3) StdoutLine: {'line': b'-- Symlinking: /home/puhster/Desktop/RINS_task2/install/dis_tutorial3/share/dis_tutorial3//worlds/2024/task3_meshes/villager5.png\n'}
[1.638971] (dis_tutorial3) StdoutLine: {'line': b'-- Symlinking: /home/puhster/Desktop/RINS_task2/install/dis_tutorial3/share/dis_tutorial3//worlds/2025/bird_demo2.sdf\n'}
[1.645584] (dis_tutorial3) StdoutLine: {'line': b'-- Symlinking: /home/puhster/Desktop/RINS_task2/install/dis_tutorial3/share/dis_tutorial3//worlds/2025/bird_demo2_meshes/baltimore_oriole.jpg\n'}
[1.652452] (dis_tutorial3) StdoutLine: {'line': b'-- Symlinking: /home/puhster/Desktop/RINS_task2/install/dis_tutorial3/share/dis_tutorial3//worlds/2025/bird_demo2_meshes/black.jpg\n'}
[1.658525] (dis_tutorial3) StdoutLine: {'line': b'-- Symlinking: /home/puhster/Desktop/RINS_task2/install/dis_tutorial3/share/dis_tutorial3//worlds/2025/bird_demo2_meshes/blue.jpg\n'}
[1.665615] (dis_tutorial3) StdoutLine: {'line': b'-- Symlinking: /home/puhster/Desktop/RINS_task2/install/dis_tutorial3/share/dis_tutorial3//worlds/2025/bird_demo2_meshes/blue_jay.jpg\n'}
[1.672486] (dis_tutorial3) StdoutLine: {'line': b'-- Symlinking: /home/puhster/Desktop/RINS_task2/install/dis_tutorial3/share/dis_tutorial3//worlds/2025/bird_demo2_meshes/dirt2.jpg\n'}
[1.678261] (dis_tutorial3) StdoutLine: {'line': b'-- Symlinking: /home/puhster/Desktop/RINS_task2/install/dis_tutorial3/share/dis_tutorial3//worlds/2025/bird_demo2_meshes/fakering1.jpg\n'}
[1.684699] (dis_tutorial3) StdoutLine: {'line': b'-- Symlinking: /home/puhster/Desktop/RINS_task2/install/dis_tutorial3/share/dis_tutorial3//worlds/2025/bird_demo2_meshes/fakering3.jpg\n'}
[1.690743] (dis_tutorial3) StdoutLine: {'line': b'-- Symlinking: /home/puhster/Desktop/RINS_task2/install/dis_tutorial3/share/dis_tutorial3//worlds/2025/bird_demo2_meshes/grass.jpg\n'}
[1.697486] (dis_tutorial3) StdoutLine: {'line': b'-- Symlinking: /home/puhster/Desktop/RINS_task2/install/dis_tutorial3/share/dis_tutorial3//worlds/2025/bird_demo2_meshes/green.jpg\n'}
[1.703477] (-) TimerEvent: {}
[1.703940] (dis_tutorial3) StdoutLine: {'line': b'-- Symlinking: /home/puhster/Desktop/RINS_task2/install/dis_tutorial3/share/dis_tutorial3//worlds/2025/bird_demo2_meshes/ground.jpg\n'}
[1.711518] (dis_tutorial3) StdoutLine: {'line': b'-- Symlinking: /home/puhster/Desktop/RINS_task2/install/dis_tutorial3/share/dis_tutorial3//worlds/2025/bird_demo2_meshes/horned_puffin.jpeg\n'}
[1.718594] (dis_tutorial3) StdoutLine: {'line': b'-- Symlinking: /home/puhster/Desktop/RINS_task2/install/dis_tutorial3/share/dis_tutorial3//worlds/2025/bird_demo2_meshes/map.dae\n'}
[1.724619] (dis_tutorial3) StdoutLine: {'line': b'-- Symlinking: /home/puhster/Desktop/RINS_task2/install/dis_tutorial3/share/dis_tutorial3//worlds/2025/bird_demo2_meshes/map_colliders.dae\n'}
[1.731637] (dis_tutorial3) StdoutLine: {'line': b'-- Symlinking: /home/puhster/Desktop/RINS_task2/install/dis_tutorial3/share/dis_tutorial3//worlds/2025/bird_demo2_meshes/objects.jpg\n'}
[1.738486] (dis_tutorial3) StdoutLine: {'line': b'-- Symlinking: /home/puhster/Desktop/RINS_task2/install/dis_tutorial3/share/dis_tutorial3//worlds/2025/bird_demo2_meshes/person11.png\n'}
[1.744651] (dis_tutorial3) StdoutLine: {'line': b'-- Symlinking: /home/puhster/Desktop/RINS_task2/install/dis_tutorial3/share/dis_tutorial3//worlds/2025/bird_demo2_meshes/person17.png\n'}
[1.750615] (dis_tutorial3) StdoutLine: {'line': b'-- Symlinking: /home/puhster/Desktop/RINS_task2/install/dis_tutorial3/share/dis_tutorial3//worlds/2025/bird_demo2_meshes/person4.png\n'}
[1.756578] (dis_tutorial3) StdoutLine: {'line': b'-- Symlinking: /home/puhster/Desktop/RINS_task2/install/dis_tutorial3/share/dis_tutorial3//worlds/2025/bird_demo2_meshes/person8.png\n'}
[1.763305] (dis_tutorial3) StdoutLine: {'line': b'-- Symlinking: /home/puhster/Desktop/RINS_task2/install/dis_tutorial3/share/dis_tutorial3//worlds/2025/bird_demo2_meshes/purple_finch.jpg\n'}
[1.769913] (dis_tutorial3) StdoutLine: {'line': b'-- Symlinking: /home/puhster/Desktop/RINS_task2/install/dis_tutorial3/share/dis_tutorial3//worlds/2025/bird_demo2_meshes/qr_finch.jpg\n'}
[1.775419] (dis_tutorial3) StdoutLine: {'line': b'-- Symlinking: /home/puhster/Desktop/RINS_task2/install/dis_tutorial3/share/dis_tutorial3//worlds/2025/bird_demo2_meshes/qr_jay.jpg\n'}
[1.781497] (dis_tutorial3) StdoutLine: {'line': b'-- Symlinking: /home/puhster/Desktop/RINS_task2/install/dis_tutorial3/share/dis_tutorial3//worlds/2025/bird_demo2_meshes/qr_oriole.jpg\n'}
[1.787762] (dis_tutorial3) StdoutLine: {'line': b'-- Symlinking: /home/puhster/Desktop/RINS_task2/install/dis_tutorial3/share/dis_tutorial3//worlds/2025/bird_demo2_meshes/qr_puffin.jpg\n'}
[1.794544] (dis_tutorial3) StdoutLine: {'line': b'-- Symlinking: /home/puhster/Desktop/RINS_task2/install/dis_tutorial3/share/dis_tutorial3//worlds/2025/bird_demo2_meshes/red.jpg\n'}
[1.801351] (dis_tutorial3) StdoutLine: {'line': b'-- Symlinking: /home/puhster/Desktop/RINS_task2/install/dis_tutorial3/share/dis_tutorial3//worlds/2025/bird_demo2_meshes/water.jpg\n'}
[1.803602] (-) TimerEvent: {}
[1.806942] (dis_tutorial3) StdoutLine: {'line': b'-- Symlinking: /home/puhster/Desktop/RINS_task2/install/dis_tutorial3/share/dis_tutorial3//worlds/2025/bird_demo2_meshes/wood.jpg\n'}
[1.813604] (dis_tutorial3) StdoutLine: {'line': b'-- Symlinking: /home/puhster/Desktop/RINS_task2/install/dis_tutorial3/share/dis_tutorial3//worlds/2025/bird_demo2_meshes/yellow.jpg\n'}
[1.820147] (dis_tutorial3) StdoutLine: {'line': b'-- Symlinking: /home/puhster/Desktop/RINS_task2/install/dis_tutorial3/share/dis_tutorial3//worlds/2025/bird_demo3.sdf\n'}
[1.827088] (dis_tutorial3) StdoutLine: {'line': b'-- Symlinking: /home/puhster/Desktop/RINS_task2/install/dis_tutorial3/share/dis_tutorial3//worlds/2025/bird_demo3_meshes/Great_Grey_Shrike.jpg\n'}
[1.833668] (dis_tutorial3) StdoutLine: {'line': b'-- Symlinking: /home/puhster/Desktop/RINS_task2/install/dis_tutorial3/share/dis_tutorial3//worlds/2025/bird_demo3_meshes/Laysan_Albatross.jpeg\n'}
[1.839417] (dis_tutorial3) StdoutLine: {'line': b'-- Symlinking: /home/puhster/Desktop/RINS_task2/install/dis_tutorial3/share/dis_tutorial3//worlds/2025/bird_demo3_meshes/black.jpg\n'}
[1.845596] (dis_tutorial3) StdoutLine: {'line': b'-- Symlinking: /home/puhster/Desktop/RINS_task2/install/dis_tutorial3/share/dis_tutorial3//worlds/2025/bird_demo3_meshes/blue.jpg\n'}
[1.852100] (dis_tutorial3) StdoutLine: {'line': b'-- Symlinking: /home/puhster/Desktop/RINS_task2/install/dis_tutorial3/share/dis_tutorial3//worlds/2025/bird_demo3_meshes/dirt2.jpg\n'}
[1.859407] (dis_tutorial3) StdoutLine: {'line': b'-- Symlinking: /home/puhster/Desktop/RINS_task2/install/dis_tutorial3/share/dis_tutorial3//worlds/2025/bird_demo3_meshes/european_goldfinch.jpg\n'}
[1.866479] (dis_tutorial3) StdoutLine: {'line': b'-- Symlinking: /home/puhster/Desktop/RINS_task2/install/dis_tutorial3/share/dis_tutorial3//worlds/2025/bird_demo3_meshes/fakering1.jpg\n'}
[1.872047] (dis_tutorial3) StdoutLine: {'line': b'-- Symlinking: /home/puhster/Desktop/RINS_task2/install/dis_tutorial3/share/dis_tutorial3//worlds/2025/bird_demo3_meshes/fakering3.jpg\n'}
[1.878234] (dis_tutorial3) StdoutLine: {'line': b'-- Symlinking: /home/puhster/Desktop/RINS_task2/install/dis_tutorial3/share/dis_tutorial3//worlds/2025/bird_demo3_meshes/grass.jpg\n'}
[1.884499] (dis_tutorial3) StdoutLine: {'line': b'-- Symlinking: /home/puhster/Desktop/RINS_task2/install/dis_tutorial3/share/dis_tutorial3//worlds/2025/bird_demo3_meshes/green.jpg\n'}
[1.891470] (dis_tutorial3) StdoutLine: {'line': b'-- Symlinking: /home/puhster/Desktop/RINS_task2/install/dis_tutorial3/share/dis_tutorial3//worlds/2025/bird_demo3_meshes/ground.jpg\n'}
[1.897612] (dis_tutorial3) StdoutLine: {'line': b'-- Symlinking: /home/puhster/Desktop/RINS_task2/install/dis_tutorial3/share/dis_tutorial3//worlds/2025/bird_demo3_meshes/map.dae\n'}
[1.903570] (dis_tutorial3) StdoutLine: {'line': b'-- Symlinking: /home/puhster/Desktop/RINS_task2/install/dis_tutorial3/share/dis_tutorial3//worlds/2025/bird_demo3_meshes/map_colliders.dae\n'}
[1.903710] (-) TimerEvent: {}
[1.909781] (dis_tutorial3) StdoutLine: {'line': b'-- Symlinking: /home/puhster/Desktop/RINS_task2/install/dis_tutorial3/share/dis_tutorial3//worlds/2025/bird_demo3_meshes/objects.jpg\n'}
[1.916393] (dis_tutorial3) StdoutLine: {'line': b'-- Symlinking: /home/puhster/Desktop/RINS_task2/install/dis_tutorial3/share/dis_tutorial3//worlds/2025/bird_demo3_meshes/person16.png\n'}
[1.922273] (dis_tutorial3) StdoutLine: {'line': b'-- Symlinking: /home/puhster/Desktop/RINS_task2/install/dis_tutorial3/share/dis_tutorial3//worlds/2025/bird_demo3_meshes/person18.png\n'}
[1.928382] (dis_tutorial3) StdoutLine: {'line': b'-- Symlinking: /home/puhster/Desktop/RINS_task2/install/dis_tutorial3/share/dis_tutorial3//worlds/2025/bird_demo3_meshes/person19.png\n'}
[1.935444] (dis_tutorial3) StdoutLine: {'line': b'-- Symlinking: /home/puhster/Desktop/RINS_task2/install/dis_tutorial3/share/dis_tutorial3//worlds/2025/bird_demo3_meshes/person23.png\n'}
[1.941695] (dis_tutorial3) StdoutLine: {'line': b'-- Symlinking: /home/puhster/Desktop/RINS_task2/install/dis_tutorial3/share/dis_tutorial3//worlds/2025/bird_demo3_meshes/qr_albatross.jpg\n'}
[1.947850] (dis_tutorial3) StdoutLine: {'line': b'-- Symlinking: /home/puhster/Desktop/RINS_task2/install/dis_tutorial3/share/dis_tutorial3//worlds/2025/bird_demo3_meshes/qr_finch.jpg\n'}
[1.954550] (dis_tutorial3) StdoutLine: {'line': b'-- Symlinking: /home/puhster/Desktop/RINS_task2/install/dis_tutorial3/share/dis_tutorial3//worlds/2025/bird_demo3_meshes/qr_flycatcher.jpg\n'}
[1.961522] (dis_tutorial3) StdoutLine: {'line': b'-- Symlinking: /home/puhster/Desktop/RINS_task2/install/dis_tutorial3/share/dis_tutorial3//worlds/2025/bird_demo3_meshes/qr_shrike.jpg\n'}
[1.968108] (dis_tutorial3) StdoutLine: {'line': b'-- Symlinking: /home/puhster/Desktop/RINS_task2/install/dis_tutorial3/share/dis_tutorial3//worlds/2025/bird_demo3_meshes/red.jpg\n'}
[1.973959] (dis_tutorial3) StdoutLine: {'line': b'-- Symlinking: /home/puhster/Desktop/RINS_task2/install/dis_tutorial3/share/dis_tutorial3//worlds/2025/bird_demo3_meshes/vermilion_flycatcher.jpg\n'}
[1.980089] (dis_tutorial3) StdoutLine: {'line': b'-- Symlinking: /home/puhster/Desktop/RINS_task2/install/dis_tutorial3/share/dis_tutorial3//worlds/2025/bird_demo3_meshes/water.jpg\n'}
[1.986459] (dis_tutorial3) StdoutLine: {'line': b'-- Symlinking: /home/puhster/Desktop/RINS_task2/install/dis_tutorial3/share/dis_tutorial3//worlds/2025/bird_demo3_meshes/wood.jpg\n'}
[1.993251] (dis_tutorial3) StdoutLine: {'line': b'-- Symlinking: /home/puhster/Desktop/RINS_task2/install/dis_tutorial3/share/dis_tutorial3//worlds/2025/bird_demo3_meshes/yellow.jpg\n'}
[1.999873] (dis_tutorial3) StdoutLine: {'line': b'-- Symlinking: /home/puhster/Desktop/RINS_task2/install/dis_tutorial3/share/dis_tutorial3//worlds/2025/demo1.sdf\n'}
[2.003895] (-) TimerEvent: {}
[2.006215] (dis_tutorial3) StdoutLine: {'line': b'-- Symlinking: /home/puhster/Desktop/RINS_task2/install/dis_tutorial3/share/dis_tutorial3//worlds/2025/demo1_meshes/cylinders.jpg\n'}
[2.012663] (dis_tutorial3) StdoutLine: {'line': b'-- Symlinking: /home/puhster/Desktop/RINS_task2/install/dis_tutorial3/share/dis_tutorial3//worlds/2025/demo1_meshes/fakering1.jpg\n'}
[2.019347] (dis_tutorial3) StdoutLine: {'line': b'-- Symlinking: /home/puhster/Desktop/RINS_task2/install/dis_tutorial3/share/dis_tutorial3//worlds/2025/demo1_meshes/fakering2.jpg\n'}
[2.026722] (dis_tutorial3) StdoutLine: {'line': b'-- Symlinking: /home/puhster/Desktop/RINS_task2/install/dis_tutorial3/share/dis_tutorial3//worlds/2025/demo1_meshes/fakering3.jpg\n'}
[2.034219] (dis_tutorial3) StdoutLine: {'line': b'-- Symlinking: /home/puhster/Desktop/RINS_task2/install/dis_tutorial3/share/dis_tutorial3//worlds/2025/demo1_meshes/ground.jpg\n'}
[2.040315] (dis_tutorial3) StdoutLine: {'line': b'-- Symlinking: /home/puhster/Desktop/RINS_task2/install/dis_tutorial3/share/dis_tutorial3//worlds/2025/demo1_meshes/map.dae\n'}
[2.046111] (dis_tutorial3) StdoutLine: {'line': b'-- Symlinking: /home/puhster/Desktop/RINS_task2/install/dis_tutorial3/share/dis_tutorial3//worlds/2025/demo1_meshes/map_colliders.dae\n'}
[2.052023] (dis_tutorial3) StdoutLine: {'line': b'-- Symlinking: /home/puhster/Desktop/RINS_task2/install/dis_tutorial3/share/dis_tutorial3//worlds/2025/demo1_meshes/objects.jpg\n'}
[2.059185] (dis_tutorial3) StdoutLine: {'line': b'-- Symlinking: /home/puhster/Desktop/RINS_task2/install/dis_tutorial3/share/dis_tutorial3//worlds/2025/demo1_meshes/parking_space.jpg\n'}
[2.065679] (dis_tutorial3) StdoutLine: {'line': b'-- Symlinking: /home/puhster/Desktop/RINS_task2/install/dis_tutorial3/share/dis_tutorial3//worlds/2025/demo1_meshes/person1.png\n'}
[2.071734] (dis_tutorial3) StdoutLine: {'line': b'-- Symlinking: /home/puhster/Desktop/RINS_task2/install/dis_tutorial3/share/dis_tutorial3//worlds/2025/demo1_meshes/person11.png\n'}
[2.078022] (dis_tutorial3) StdoutLine: {'line': b'-- Symlinking: /home/puhster/Desktop/RINS_task2/install/dis_tutorial3/share/dis_tutorial3//worlds/2025/demo1_meshes/person2.png\n'}
[2.083801] (dis_tutorial3) StdoutLine: {'line': b'-- Symlinking: /home/puhster/Desktop/RINS_task2/install/dis_tutorial3/share/dis_tutorial3//worlds/2025/demo1_meshes/person3.png\n'}
[2.090667] (dis_tutorial3) StdoutLine: {'line': b'-- Symlinking: /home/puhster/Desktop/RINS_task2/install/dis_tutorial3/share/dis_tutorial3//worlds/2025/demo1_meshes/person4.png\n'}
[2.097427] (dis_tutorial3) StdoutLine: {'line': b'-- Symlinking: /home/puhster/Desktop/RINS_task2/install/dis_tutorial3/share/dis_tutorial3//worlds/2025/demo1_meshes/person5.png\n'}
[2.103654] (dis_tutorial3) StdoutLine: {'line': b'-- Symlinking: /home/puhster/Desktop/RINS_task2/install/dis_tutorial3/share/dis_tutorial3//worlds/2025/demo1_meshes/qr1.jpg\n'}
[2.103958] (-) TimerEvent: {}
[2.110035] (dis_tutorial3) StdoutLine: {'line': b'-- Symlinking: /home/puhster/Desktop/RINS_task2/install/dis_tutorial3/share/dis_tutorial3//worlds/2025/demo1_meshes/qr2.jpg\n'}
[2.116343] (dis_tutorial3) StdoutLine: {'line': b'-- Symlinking: /home/puhster/Desktop/RINS_task2/install/dis_tutorial3/share/dis_tutorial3//worlds/2025/demo2.sdf\n'}
[2.123151] (dis_tutorial3) StdoutLine: {'line': b'-- Symlinking: /home/puhster/Desktop/RINS_task2/install/dis_tutorial3/share/dis_tutorial3//worlds/2025/demo2_meshes/cylinders.jpg\n'}
[2.129984] (dis_tutorial3) StdoutLine: {'line': b'-- Symlinking: /home/puhster/Desktop/RINS_task2/install/dis_tutorial3/share/dis_tutorial3//worlds/2025/demo2_meshes/fakering1.jpg\n'}
[2.136520] (dis_tutorial3) StdoutLine: {'line': b'-- Symlinking: /home/puhster/Desktop/RINS_task2/install/dis_tutorial3/share/dis_tutorial3//worlds/2025/demo2_meshes/fakering2.jpg\n'}
[2.142960] (dis_tutorial3) StdoutLine: {'line': b'-- Symlinking: /home/puhster/Desktop/RINS_task2/install/dis_tutorial3/share/dis_tutorial3//worlds/2025/demo2_meshes/fakering3.jpg\n'}
[2.150118] (dis_tutorial3) StdoutLine: {'line': b'-- Symlinking: /home/puhster/Desktop/RINS_task2/install/dis_tutorial3/share/dis_tutorial3//worlds/2025/demo2_meshes/ground.jpg\n'}
[2.157647] (dis_tutorial3) StdoutLine: {'line': b'-- Symlinking: /home/puhster/Desktop/RINS_task2/install/dis_tutorial3/share/dis_tutorial3//worlds/2025/demo2_meshes/map.dae\n'}
[2.163501] (dis_tutorial3) StdoutLine: {'line': b'-- Symlinking: /home/puhster/Desktop/RINS_task2/install/dis_tutorial3/share/dis_tutorial3//worlds/2025/demo2_meshes/map_colliders.dae\n'}
[2.169437] (dis_tutorial3) StdoutLine: {'line': b'-- Symlinking: /home/puhster/Desktop/RINS_task2/install/dis_tutorial3/share/dis_tutorial3//worlds/2025/demo2_meshes/objects.jpg\n'}
[2.175211] (dis_tutorial3) StdoutLine: {'line': b'-- Symlinking: /home/puhster/Desktop/RINS_task2/install/dis_tutorial3/share/dis_tutorial3//worlds/2025/demo2_meshes/parking_space.jpg\n'}
[2.180859] (dis_tutorial3) StdoutLine: {'line': b'-- Symlinking: /home/puhster/Desktop/RINS_task2/install/dis_tutorial3/share/dis_tutorial3//worlds/2025/demo2_meshes/person18.png\n'}
[2.187477] (dis_tutorial3) StdoutLine: {'line': b'-- Symlinking: /home/puhster/Desktop/RINS_task2/install/dis_tutorial3/share/dis_tutorial3//worlds/2025/demo2_meshes/person20.png\n'}
[2.192947] (dis_tutorial3) StdoutLine: {'line': b'-- Symlinking: /home/puhster/Desktop/RINS_task2/install/dis_tutorial3/share/dis_tutorial3//worlds/2025/demo2_meshes/person6.png\n'}
[2.199378] (dis_tutorial3) StdoutLine: {'line': b'-- Symlinking: /home/puhster/Desktop/RINS_task2/install/dis_tutorial3/share/dis_tutorial3//worlds/2025/demo2_meshes/person7.png\n'}
[2.204150] (-) TimerEvent: {}
[2.205336] (dis_tutorial3) StdoutLine: {'line': b'-- Symlinking: /home/puhster/Desktop/RINS_task2/install/dis_tutorial3/share/dis_tutorial3//worlds/2025/demo2_meshes/person8.png\n'}
[2.212731] (dis_tutorial3) StdoutLine: {'line': b'-- Symlinking: /home/puhster/Desktop/RINS_task2/install/dis_tutorial3/share/dis_tutorial3//worlds/2025/demo2_meshes/person9.png\n'}
[2.219752] (dis_tutorial3) StdoutLine: {'line': b'-- Symlinking: /home/puhster/Desktop/RINS_task2/install/dis_tutorial3/share/dis_tutorial3//worlds/2025/demo2_meshes/qr1.jpg\n'}
[2.226824] (dis_tutorial3) StdoutLine: {'line': b'-- Symlinking: /home/puhster/Desktop/RINS_task2/install/dis_tutorial3/share/dis_tutorial3//worlds/2025/demo2_meshes/qr2.jpg\n'}
[2.232634] (dis_tutorial3) StdoutLine: {'line': b'-- Symlinking: /home/puhster/Desktop/RINS_task2/install/dis_tutorial3/share/dis_tutorial3//worlds/2025/demo3.sdf\n'}
[2.239679] (dis_tutorial3) StdoutLine: {'line': b'-- Symlinking: /home/puhster/Desktop/RINS_task2/install/dis_tutorial3/share/dis_tutorial3//worlds/2025/demo3_meshes/black.jpg\n'}
[2.244349] (dis_tutorial3) StdoutLine: {'line': b'-- Symlinking: /home/puhster/Desktop/RINS_task2/install/dis_tutorial3/share/dis_tutorial3//worlds/2025/demo3_meshes/blue.jpg\n'}
[2.250973] (dis_tutorial3) StdoutLine: {'line': b'-- Symlinking: /home/puhster/Desktop/RINS_task2/install/dis_tutorial3/share/dis_tutorial3//worlds/2025/demo3_meshes/fakering1.jpg\n'}
[2.256688] (dis_tutorial3) StdoutLine: {'line': b'-- Symlinking: /home/puhster/Desktop/RINS_task2/install/dis_tutorial3/share/dis_tutorial3//worlds/2025/demo3_meshes/fakering2.jpg\n'}
[2.262916] (dis_tutorial3) StdoutLine: {'line': b'-- Symlinking: /home/puhster/Desktop/RINS_task2/install/dis_tutorial3/share/dis_tutorial3//worlds/2025/demo3_meshes/fakering3.jpg\n'}
[2.268730] (dis_tutorial3) StdoutLine: {'line': b'-- Symlinking: /home/puhster/Desktop/RINS_task2/install/dis_tutorial3/share/dis_tutorial3//worlds/2025/demo3_meshes/green.jpg\n'}
[2.274743] (dis_tutorial3) StdoutLine: {'line': b'-- Symlinking: /home/puhster/Desktop/RINS_task2/install/dis_tutorial3/share/dis_tutorial3//worlds/2025/demo3_meshes/ground.jpg\n'}
[2.281220] (dis_tutorial3) StdoutLine: {'line': b'-- Symlinking: /home/puhster/Desktop/RINS_task2/install/dis_tutorial3/share/dis_tutorial3//worlds/2025/demo3_meshes/map.dae\n'}
[2.288284] (dis_tutorial3) StdoutLine: {'line': b'-- Symlinking: /home/puhster/Desktop/RINS_task2/install/dis_tutorial3/share/dis_tutorial3//worlds/2025/demo3_meshes/map_colliders.dae\n'}
[2.292618] (dis_tutorial3) StdoutLine: {'line': b'-- Symlinking: /home/puhster/Desktop/RINS_task2/install/dis_tutorial3/share/dis_tutorial3//worlds/2025/demo3_meshes/objects.jpg\n'}
[2.299591] (dis_tutorial3) StdoutLine: {'line': b'-- Symlinking: /home/puhster/Desktop/RINS_task2/install/dis_tutorial3/share/dis_tutorial3//worlds/2025/demo3_meshes/parking_space.jpg\n'}
[2.304233] (-) TimerEvent: {}
[2.306206] (dis_tutorial3) StdoutLine: {'line': b'-- Symlinking: /home/puhster/Desktop/RINS_task2/install/dis_tutorial3/share/dis_tutorial3//worlds/2025/demo3_meshes/person15.png\n'}
[2.313151] (dis_tutorial3) StdoutLine: {'line': b'-- Symlinking: /home/puhster/Desktop/RINS_task2/install/dis_tutorial3/share/dis_tutorial3//worlds/2025/demo3_meshes/person17.png\n'}
[2.319544] (dis_tutorial3) StdoutLine: {'line': b'-- Symlinking: /home/puhster/Desktop/RINS_task2/install/dis_tutorial3/share/dis_tutorial3//worlds/2025/demo3_meshes/person21.png\n'}
[2.326026] (dis_tutorial3) StdoutLine: {'line': b'-- Symlinking: /home/puhster/Desktop/RINS_task2/install/dis_tutorial3/share/dis_tutorial3//worlds/2025/demo3_meshes/person22.png\n'}
[2.333021] (dis_tutorial3) StdoutLine: {'line': b'-- Symlinking: /home/puhster/Desktop/RINS_task2/install/dis_tutorial3/share/dis_tutorial3//worlds/2025/demo3_meshes/person24.png\n'}
[2.339183] (dis_tutorial3) StdoutLine: {'line': b'-- Symlinking: /home/puhster/Desktop/RINS_task2/install/dis_tutorial3/share/dis_tutorial3//worlds/2025/demo3_meshes/qr1.jpg\n'}
[2.346150] (dis_tutorial3) StdoutLine: {'line': b'-- Symlinking: /home/puhster/Desktop/RINS_task2/install/dis_tutorial3/share/dis_tutorial3//worlds/2025/demo3_meshes/qr2.jpg\n'}
[2.352896] (dis_tutorial3) StdoutLine: {'line': b'-- Symlinking: /home/puhster/Desktop/RINS_task2/install/dis_tutorial3/share/dis_tutorial3//worlds/2025/demo3_meshes/red.jpg\n'}
[2.359032] (dis_tutorial3) StdoutLine: {'line': b'-- Symlinking: /home/puhster/Desktop/RINS_task2/install/dis_tutorial3/share/dis_tutorial3//worlds/2025/demo3_meshes/yellow.jpg\n'}
[2.365695] (dis_tutorial3) StdoutLine: {'line': b'-- Symlinking: /home/puhster/Desktop/RINS_task2/install/dis_tutorial3/share/dis_tutorial3//worlds/2025/demo4.sdf\n'}
[2.372101] (dis_tutorial3) StdoutLine: {'line': b'-- Symlinking: /home/puhster/Desktop/RINS_task2/install/dis_tutorial3/share/dis_tutorial3//worlds/2025/demo4_meshes/black.jpg\n'}
[2.379397] (dis_tutorial3) StdoutLine: {'line': b'-- Symlinking: /home/puhster/Desktop/RINS_task2/install/dis_tutorial3/share/dis_tutorial3//worlds/2025/demo4_meshes/blue.jpg\n'}
[2.385685] (dis_tutorial3) StdoutLine: {'line': b'-- Symlinking: /home/puhster/Desktop/RINS_task2/install/dis_tutorial3/share/dis_tutorial3//worlds/2025/demo4_meshes/fakering1.jpg\n'}
[2.391808] (dis_tutorial3) StdoutLine: {'line': b'-- Symlinking: /home/puhster/Desktop/RINS_task2/install/dis_tutorial3/share/dis_tutorial3//worlds/2025/demo4_meshes/fakering2.jpg\n'}
[2.398038] (dis_tutorial3) StdoutLine: {'line': b'-- Symlinking: /home/puhster/Desktop/RINS_task2/install/dis_tutorial3/share/dis_tutorial3//worlds/2025/demo4_meshes/fakering3.jpg\n'}
[2.404165] (dis_tutorial3) StdoutLine: {'line': b'-- Symlinking: /home/puhster/Desktop/RINS_task2/install/dis_tutorial3/share/dis_tutorial3//worlds/2025/demo4_meshes/green.jpg\n'}
[2.404301] (-) TimerEvent: {}
[2.411332] (dis_tutorial3) StdoutLine: {'line': b'-- Symlinking: /home/puhster/Desktop/RINS_task2/install/dis_tutorial3/share/dis_tutorial3//worlds/2025/demo4_meshes/ground.jpg\n'}
[2.418239] (dis_tutorial3) StdoutLine: {'line': b'-- Symlinking: /home/puhster/Desktop/RINS_task2/install/dis_tutorial3/share/dis_tutorial3//worlds/2025/demo4_meshes/map.dae\n'}
[2.422938] (dis_tutorial3) StdoutLine: {'line': b'-- Symlinking: /home/puhster/Desktop/RINS_task2/install/dis_tutorial3/share/dis_tutorial3//worlds/2025/demo4_meshes/map_colliders.dae\n'}
[2.429502] (dis_tutorial3) StdoutLine: {'line': b'-- Symlinking: /home/puhster/Desktop/RINS_task2/install/dis_tutorial3/share/dis_tutorial3//worlds/2025/demo4_meshes/objects.jpg\n'}
[2.435104] (dis_tutorial3) StdoutLine: {'line': b'-- Symlinking: /home/puhster/Desktop/RINS_task2/install/dis_tutorial3/share/dis_tutorial3//worlds/2025/demo4_meshes/parking_space.jpg\n'}
[2.441771] (dis_tutorial3) StdoutLine: {'line': b'-- Symlinking: /home/puhster/Desktop/RINS_task2/install/dis_tutorial3/share/dis_tutorial3//worlds/2025/demo4_meshes/person13.png\n'}
[2.447563] (dis_tutorial3) StdoutLine: {'line': b'-- Symlinking: /home/puhster/Desktop/RINS_task2/install/dis_tutorial3/share/dis_tutorial3//worlds/2025/demo4_meshes/person2.png.001.png\n'}
[2.453263] (dis_tutorial3) StdoutLine: {'line': b'-- Symlinking: /home/puhster/Desktop/RINS_task2/install/dis_tutorial3/share/dis_tutorial3//worlds/2025/demo4_meshes/person3.png.001.png\n'}
[2.458934] (dis_tutorial3) StdoutLine: {'line': b'-- Symlinking: /home/puhster/Desktop/RINS_task2/install/dis_tutorial3/share/dis_tutorial3//worlds/2025/demo4_meshes/person4.png.001.png\n'}
[2.465939] (dis_tutorial3) StdoutLine: {'line': b'-- Symlinking: /home/puhster/Desktop/RINS_task2/install/dis_tutorial3/share/dis_tutorial3//worlds/2025/demo4_meshes/person5.png.001.png\n'}
[2.472714] (dis_tutorial3) StdoutLine: {'line': b'-- Symlinking: /home/puhster/Desktop/RINS_task2/install/dis_tutorial3/share/dis_tutorial3//worlds/2025/demo4_meshes/person6.png\n'}
[2.479413] (dis_tutorial3) StdoutLine: {'line': b'-- Symlinking: /home/puhster/Desktop/RINS_task2/install/dis_tutorial3/share/dis_tutorial3//worlds/2025/demo4_meshes/qr1.jpg\n'}
[2.485788] (dis_tutorial3) StdoutLine: {'line': b'-- Symlinking: /home/puhster/Desktop/RINS_task2/install/dis_tutorial3/share/dis_tutorial3//worlds/2025/demo4_meshes/qr2.jpg\n'}
[2.490712] (dis_tutorial3) StdoutLine: {'line': b'-- Symlinking: /home/puhster/Desktop/RINS_task2/install/dis_tutorial3/share/dis_tutorial3//worlds/2025/demo4_meshes/red.jpg\n'}
[2.497116] (dis_tutorial3) StdoutLine: {'line': b'-- Symlinking: /home/puhster/Desktop/RINS_task2/install/dis_tutorial3/share/dis_tutorial3//worlds/2025/demo4_meshes/yellow.jpg\n'}
[2.500824] (dis_tutorial3) StdoutLine: {'line': b'-- Symlinking: /home/puhster/Desktop/RINS_task2/install/dis_tutorial3/share/dis_tutorial3//worlds/2025/dis.sdf\n'}
[2.504409] (-) TimerEvent: {}
[2.507596] (dis_tutorial3) StdoutLine: {'line': b'-- Symlinking: /home/puhster/Desktop/RINS_task2/install/dis_tutorial3/share/dis_tutorial3//worlds/2025/dis_meshes/cylinders.jpg\n'}
[2.513680] (dis_tutorial3) StdoutLine: {'line': b'-- Symlinking: /home/puhster/Desktop/RINS_task2/install/dis_tutorial3/share/dis_tutorial3//worlds/2025/dis_meshes/davinci.jpg\n'}
[2.519929] (dis_tutorial3) StdoutLine: {'line': b'-- Symlinking: /home/puhster/Desktop/RINS_task2/install/dis_tutorial3/share/dis_tutorial3//worlds/2025/dis_meshes/fakering1.jpg\n'}
[2.526440] (dis_tutorial3) StdoutLine: {'line': b'-- Symlinking: /home/puhster/Desktop/RINS_task2/install/dis_tutorial3/share/dis_tutorial3//worlds/2025/dis_meshes/fakering2.jpg\n'}
[2.533468] (dis_tutorial3) StdoutLine: {'line': b'-- Symlinking: /home/puhster/Desktop/RINS_task2/install/dis_tutorial3/share/dis_tutorial3//worlds/2025/dis_meshes/fakering3.jpg\n'}
[2.539383] (dis_tutorial3) StdoutLine: {'line': b'-- Symlinking: /home/puhster/Desktop/RINS_task2/install/dis_tutorial3/share/dis_tutorial3//worlds/2025/dis_meshes/ground.jpg\n'}
[2.544085] (dis_tutorial3) StdoutLine: {'line': b'-- Symlinking: /home/puhster/Desktop/RINS_task2/install/dis_tutorial3/share/dis_tutorial3//worlds/2025/dis_meshes/map.dae\n'}
[2.549801] (dis_tutorial3) StdoutLine: {'line': b'-- Symlinking: /home/puhster/Desktop/RINS_task2/install/dis_tutorial3/share/dis_tutorial3//worlds/2025/dis_meshes/map_colliders.dae\n'}
[2.553542] (dis_tutorial3) StdoutLine: {'line': b'-- Symlinking: /home/puhster/Desktop/RINS_task2/install/dis_tutorial3/share/dis_tutorial3//worlds/2025/dis_meshes/mona1.jpg\n'}
[2.558251] (dis_tutorial3) StdoutLine: {'line': b'-- Symlinking: /home/puhster/Desktop/RINS_task2/install/dis_tutorial3/share/dis_tutorial3//worlds/2025/dis_meshes/objects.jpg\n'}
[2.564055] (dis_tutorial3) StdoutLine: {'line': b'-- Symlinking: /home/puhster/Desktop/RINS_task2/install/dis_tutorial3/share/dis_tutorial3//worlds/2025/dis_meshes/parking_space.jpg\n'}
[2.570490] (dis_tutorial3) StdoutLine: {'line': b'-- Symlinking: /home/puhster/Desktop/RINS_task2/install/dis_tutorial3/share/dis_tutorial3//worlds/2025/dis_meshes/person1.jpg\n'}
[2.576086] (dis_tutorial3) StdoutLine: {'line': b'-- Symlinking: /home/puhster/Desktop/RINS_task2/install/dis_tutorial3/share/dis_tutorial3//worlds/2025/dis_meshes/person2.jpg\n'}
[2.582660] (dis_tutorial3) StdoutLine: {'line': b'-- Symlinking: /home/puhster/Desktop/RINS_task2/install/dis_tutorial3/share/dis_tutorial3//worlds/2025/dis_meshes/person3.jpg\n'}
[2.589183] (dis_tutorial3) StdoutLine: {'line': b'-- Symlinking: /home/puhster/Desktop/RINS_task2/install/dis_tutorial3/share/dis_tutorial3//worlds/2025/dis_meshes/person4.jpg\n'}
[2.595800] (dis_tutorial3) StdoutLine: {'line': b'-- Symlinking: /home/puhster/Desktop/RINS_task2/install/dis_tutorial3/share/dis_tutorial3//worlds/2025/dis_meshes/person5.jpg\n'}
[2.601896] (dis_tutorial3) StdoutLine: {'line': b'-- Symlinking: /home/puhster/Desktop/RINS_task2/install/dis_tutorial3/share/dis_tutorial3//worlds/2025/dis_meshes/qr1.jpg\n'}
[2.604516] (-) TimerEvent: {}
[2.608751] (dis_tutorial3) StdoutLine: {'line': b'-- Symlinking: /home/puhster/Desktop/RINS_task2/install/dis_tutorial3/share/dis_tutorial3//worlds/2025/dis_meshes/qr2.jpg\n'}
[2.615260] (dis_tutorial3) StdoutLine: {'line': b'-- Symlinking: /home/puhster/Desktop/RINS_task2/install/dis_tutorial3/share/dis_tutorial3//worlds/2025/dis_meshes/wood.jpg\n'}
[2.621872] (dis_tutorial3) StdoutLine: {'line': b'-- Symlinking: /home/puhster/Desktop/RINS_task2/install/dis_tutorial3/share/dis_tutorial3//worlds/2025/empty.sdf\n'}
[2.628416] (dis_tutorial3) StdoutLine: {'line': b'-- Symlinking: /home/puhster/Desktop/RINS_task2/install/dis_tutorial3/share/dis_tutorial3//worlds/2025/task1.sdf\n'}
[2.635422] (dis_tutorial3) StdoutLine: {'line': b'-- Symlinking: /home/puhster/Desktop/RINS_task2/install/dis_tutorial3/share/dis_tutorial3//worlds/2025/task1_meshes/black.jpg\n'}
[2.642226] (dis_tutorial3) StdoutLine: {'line': b'-- Symlinking: /home/puhster/Desktop/RINS_task2/install/dis_tutorial3/share/dis_tutorial3//worlds/2025/task1_meshes/blue.jpg\n'}
[2.646671] (dis_tutorial3) StdoutLine: {'line': b'-- Symlinking: /home/puhster/Desktop/RINS_task2/install/dis_tutorial3/share/dis_tutorial3//worlds/2025/task1_meshes/fakering1.jpg\n'}
[2.652299] (dis_tutorial3) StdoutLine: {'line': b'-- Symlinking: /home/puhster/Desktop/RINS_task2/install/dis_tutorial3/share/dis_tutorial3//worlds/2025/task1_meshes/fakering2.jpg\n'}
[2.658680] (dis_tutorial3) StdoutLine: {'line': b'-- Symlinking: /home/puhster/Desktop/RINS_task2/install/dis_tutorial3/share/dis_tutorial3//worlds/2025/task1_meshes/fakering3.jpg\n'}
[2.665536] (dis_tutorial3) StdoutLine: {'line': b'-- Symlinking: /home/puhster/Desktop/RINS_task2/install/dis_tutorial3/share/dis_tutorial3//worlds/2025/task1_meshes/green.jpg\n'}
[2.672420] (dis_tutorial3) StdoutLine: {'line': b'-- Symlinking: /home/puhster/Desktop/RINS_task2/install/dis_tutorial3/share/dis_tutorial3//worlds/2025/task1_meshes/ground.jpg\n'}
[2.678600] (dis_tutorial3) StdoutLine: {'line': b'-- Symlinking: /home/puhster/Desktop/RINS_task2/install/dis_tutorial3/share/dis_tutorial3//worlds/2025/task1_meshes/map.dae\n'}
[2.684619] (dis_tutorial3) StdoutLine: {'line': b'-- Symlinking: /home/puhster/Desktop/RINS_task2/install/dis_tutorial3/share/dis_tutorial3//worlds/2025/task1_meshes/map_colliders.dae\n'}
[2.690539] (dis_tutorial3) StdoutLine: {'line': b'-- Symlinking: /home/puhster/Desktop/RINS_task2/install/dis_tutorial3/share/dis_tutorial3//worlds/2025/task1_meshes/objects.jpg\n'}
[2.696439] (dis_tutorial3) StdoutLine: {'line': b'-- Symlinking: /home/puhster/Desktop/RINS_task2/install/dis_tutorial3/share/dis_tutorial3//worlds/2025/task1_meshes/parking_space.jpg\n'}
[2.703627] (dis_tutorial3) StdoutLine: {'line': b'-- Symlinking: /home/puhster/Desktop/RINS_task2/install/dis_tutorial3/share/dis_tutorial3//worlds/2025/task1_meshes/person13.png\n'}
[2.704605] (-) TimerEvent: {}
[2.710682] (dis_tutorial3) StdoutLine: {'line': b'-- Symlinking: /home/puhster/Desktop/RINS_task2/install/dis_tutorial3/share/dis_tutorial3//worlds/2025/task1_meshes/person2.png.001.png\n'}
[2.717802] (dis_tutorial3) StdoutLine: {'line': b'-- Symlinking: /home/puhster/Desktop/RINS_task2/install/dis_tutorial3/share/dis_tutorial3//worlds/2025/task1_meshes/person3.png.001.png\n'}
[2.723912] (dis_tutorial3) StdoutLine: {'line': b'-- Symlinking: /home/puhster/Desktop/RINS_task2/install/dis_tutorial3/share/dis_tutorial3//worlds/2025/task1_meshes/person5.png.001.png\n'}
[2.729679] (dis_tutorial3) StdoutLine: {'line': b'-- Symlinking: /home/puhster/Desktop/RINS_task2/install/dis_tutorial3/share/dis_tutorial3//worlds/2025/task1_meshes/person6.png\n'}
[2.736729] (dis_tutorial3) StdoutLine: {'line': b'-- Symlinking: /home/puhster/Desktop/RINS_task2/install/dis_tutorial3/share/dis_tutorial3//worlds/2025/task1_meshes/person8.png\n'}
[2.742802] (dis_tutorial3) StdoutLine: {'line': b'-- Symlinking: /home/puhster/Desktop/RINS_task2/install/dis_tutorial3/share/dis_tutorial3//worlds/2025/task1_meshes/qr1.jpg\n'}
[2.749397] (dis_tutorial3) StdoutLine: {'line': b'-- Symlinking: /home/puhster/Desktop/RINS_task2/install/dis_tutorial3/share/dis_tutorial3//worlds/2025/task1_meshes/qr2.jpg\n'}
[2.755281] (dis_tutorial3) StdoutLine: {'line': b'-- Symlinking: /home/puhster/Desktop/RINS_task2/install/dis_tutorial3/share/dis_tutorial3//worlds/2025/task1_meshes/red.jpg\n'}
[2.762232] (dis_tutorial3) StdoutLine: {'line': b'-- Symlinking: /home/puhster/Desktop/RINS_task2/install/dis_tutorial3/share/dis_tutorial3//worlds/2025/task1_meshes/yellow.jpg\n'}
[2.768865] (dis_tutorial3) StdoutLine: {'line': b'-- Symlinking: /home/puhster/Desktop/RINS_task2/install/dis_tutorial3/share/dis_tutorial3//worlds/2025/task2.sdf\n'}
[2.775197] (dis_tutorial3) StdoutLine: {'line': b'-- Symlinking: /home/puhster/Desktop/RINS_task2/install/dis_tutorial3/share/dis_tutorial3//worlds/2025/task2_meshes/american_crow.jpg\n'}
[2.781317] (dis_tutorial3) StdoutLine: {'line': b'-- Symlinking: /home/puhster/Desktop/RINS_task2/install/dis_tutorial3/share/dis_tutorial3//worlds/2025/task2_meshes/black.jpg\n'}
[2.787241] (dis_tutorial3) StdoutLine: {'line': b'-- Symlinking: /home/puhster/Desktop/RINS_task2/install/dis_tutorial3/share/dis_tutorial3//worlds/2025/task2_meshes/blue.jpg\n'}
[2.793524] (dis_tutorial3) StdoutLine: {'line': b'-- Symlinking: /home/puhster/Desktop/RINS_task2/install/dis_tutorial3/share/dis_tutorial3//worlds/2025/task2_meshes/common_tern.jpg\n'}
[2.800274] (dis_tutorial3) StdoutLine: {'line': b'-- Symlinking: /home/puhster/Desktop/RINS_task2/install/dis_tutorial3/share/dis_tutorial3//worlds/2025/task2_meshes/dirt2.jpg\n'}
[2.804765] (-) TimerEvent: {}
[2.806543] (dis_tutorial3) StdoutLine: {'line': b'-- Symlinking: /home/puhster/Desktop/RINS_task2/install/dis_tutorial3/share/dis_tutorial3//worlds/2025/task2_meshes/fakering1.jpg\n'}
[2.812902] (dis_tutorial3) StdoutLine: {'line': b'-- Symlinking: /home/puhster/Desktop/RINS_task2/install/dis_tutorial3/share/dis_tutorial3//worlds/2025/task2_meshes/fakering3.jpg\n'}
[2.819467] (dis_tutorial3) StdoutLine: {'line': b'-- Symlinking: /home/puhster/Desktop/RINS_task2/install/dis_tutorial3/share/dis_tutorial3//worlds/2025/task2_meshes/grass.jpg\n'}
[2.825428] (dis_tutorial3) StdoutLine: {'line': b'-- Symlinking: /home/puhster/Desktop/RINS_task2/install/dis_tutorial3/share/dis_tutorial3//worlds/2025/task2_meshes/green.jpg\n'}
[2.832641] (dis_tutorial3) StdoutLine: {'line': b'-- Symlinking: /home/puhster/Desktop/RINS_task2/install/dis_tutorial3/share/dis_tutorial3//worlds/2025/task2_meshes/ground.jpg\n'}
[2.839389] (dis_tutorial3) StdoutLine: {'line': b'-- Symlinking: /home/puhster/Desktop/RINS_task2/install/dis_tutorial3/share/dis_tutorial3//worlds/2025/task2_meshes/map.dae\n'}
[2.845556] (dis_tutorial3) StdoutLine: {'line': b'-- Symlinking: /home/puhster/Desktop/RINS_task2/install/dis_tutorial3/share/dis_tutorial3//worlds/2025/task2_meshes/map_colliders.dae\n'}
[2.851493] (dis_tutorial3) StdoutLine: {'line': b'-- Symlinking: /home/puhster/Desktop/RINS_task2/install/dis_tutorial3/share/dis_tutorial3//worlds/2025/task2_meshes/objects.jpg\n'}
[2.856950] (dis_tutorial3) StdoutLine: {'line': b'-- Symlinking: /home/puhster/Desktop/RINS_task2/install/dis_tutorial3/share/dis_tutorial3//worlds/2025/task2_meshes/person29.jpg\n'}
[2.863921] (dis_tutorial3) StdoutLine: {'line': b'-- Symlinking: /home/puhster/Desktop/RINS_task2/install/dis_tutorial3/share/dis_tutorial3//worlds/2025/task2_meshes/person30.jpg\n'}
[2.870715] (dis_tutorial3) StdoutLine: {'line': b'-- Symlinking: /home/puhster/Desktop/RINS_task2/install/dis_tutorial3/share/dis_tutorial3//worlds/2025/task2_meshes/person31.jpg\n'}
[2.876861] (dis_tutorial3) StdoutLine: {'line': b'-- Symlinking: /home/puhster/Desktop/RINS_task2/install/dis_tutorial3/share/dis_tutorial3//worlds/2025/task2_meshes/person36.jpg\n'}
[2.883681] (dis_tutorial3) StdoutLine: {'line': b'-- Symlinking: /home/puhster/Desktop/RINS_task2/install/dis_tutorial3/share/dis_tutorial3//worlds/2025/task2_meshes/pied_kingfisher.jpg\n'}
[2.888618] (dis_tutorial3) StdoutLine: {'line': b'-- Symlinking: /home/puhster/Desktop/RINS_task2/install/dis_tutorial3/share/dis_tutorial3//worlds/2025/task2_meshes/qr_blackbird.jpg\n'}
[2.894657] (dis_tutorial3) StdoutLine: {'line': b'-- Symlinking: /home/puhster/Desktop/RINS_task2/install/dis_tutorial3/share/dis_tutorial3//worlds/2025/task2_meshes/qr_crow.jpg\n'}
[2.900892] (dis_tutorial3) StdoutLine: {'line': b'-- Symlinking: /home/puhster/Desktop/RINS_task2/install/dis_tutorial3/share/dis_tutorial3//worlds/2025/task2_meshes/qr_kingfisher.jpg\n'}
[2.904948] (-) TimerEvent: {}
[2.906746] (dis_tutorial3) StdoutLine: {'line': b'-- Symlinking: /home/puhster/Desktop/RINS_task2/install/dis_tutorial3/share/dis_tutorial3//worlds/2025/task2_meshes/qr_tern.jpg\n'}
[2.913442] (dis_tutorial3) StdoutLine: {'line': b'-- Symlinking: /home/puhster/Desktop/RINS_task2/install/dis_tutorial3/share/dis_tutorial3//worlds/2025/task2_meshes/red.jpg\n'}
[2.920401] (dis_tutorial3) StdoutLine: {'line': b'-- Symlinking: /home/puhster/Desktop/RINS_task2/install/dis_tutorial3/share/dis_tutorial3//worlds/2025/task2_meshes/water.jpg\n'}
[2.928007] (dis_tutorial3) StdoutLine: {'line': b'-- Symlinking: /home/puhster/Desktop/RINS_task2/install/dis_tutorial3/share/dis_tutorial3//worlds/2025/task2_meshes/wood.jpg\n'}
[2.935283] (dis_tutorial3) StdoutLine: {'line': b'-- Symlinking: /home/puhster/Desktop/RINS_task2/install/dis_tutorial3/share/dis_tutorial3//worlds/2025/task2_meshes/yellow.jpg\n'}
[2.941481] (dis_tutorial3) StdoutLine: {'line': b'-- Symlinking: /home/puhster/Desktop/RINS_task2/install/dis_tutorial3/share/dis_tutorial3//worlds/2025/task2_meshes/yellow_headed_blackbird.jpg\n'}
[2.947934] (dis_tutorial3) StdoutLine: {'line': b'-- Symlinking: /home/puhster/Desktop/RINS_task2/install/dis_tutorial3/share/dis_tutorial3//worlds/bird_demo1.sdf\n'}
[2.954799] (dis_tutorial3) StdoutLine: {'line': b'-- Symlinking: /home/puhster/Desktop/RINS_task2/install/dis_tutorial3/share/dis_tutorial3//worlds/bird_demo1_meshes/black.jpg\n'}
[2.961118] (dis_tutorial3) StdoutLine: {'line': b'-- Symlinking: /home/puhster/Desktop/RINS_task2/install/dis_tutorial3/share/dis_tutorial3//worlds/bird_demo1_meshes/blue.jpg\n'}
[2.967697] (dis_tutorial3) StdoutLine: {'line': b'-- Symlinking: /home/puhster/Desktop/RINS_task2/install/dis_tutorial3/share/dis_tutorial3//worlds/bird_demo1_meshes/dirt2.jpg\n'}
[2.973721] (dis_tutorial3) StdoutLine: {'line': b'-- Symlinking: /home/puhster/Desktop/RINS_task2/install/dis_tutorial3/share/dis_tutorial3//worlds/bird_demo1_meshes/fakering1.jpg\n'}
[2.980090] (dis_tutorial3) StdoutLine: {'line': b'-- Symlinking: /home/puhster/Desktop/RINS_task2/install/dis_tutorial3/share/dis_tutorial3//worlds/bird_demo1_meshes/fakering2.jpg\n'}
[2.986926] (dis_tutorial3) StdoutLine: {'line': b'-- Symlinking: /home/puhster/Desktop/RINS_task2/install/dis_tutorial3/share/dis_tutorial3//worlds/bird_demo1_meshes/fakering3.jpg\n'}
[2.993852] (dis_tutorial3) StdoutLine: {'line': b'-- Symlinking: /home/puhster/Desktop/RINS_task2/install/dis_tutorial3/share/dis_tutorial3//worlds/bird_demo1_meshes/frigatebird.jpg\n'}
[3.000855] (dis_tutorial3) StdoutLine: {'line': b'-- Symlinking: /home/puhster/Desktop/RINS_task2/install/dis_tutorial3/share/dis_tutorial3//worlds/bird_demo1_meshes/grass.jpg\n'}
[3.005156] (-) TimerEvent: {}
[3.006459] (dis_tutorial3) StdoutLine: {'line': b'-- Symlinking: /home/puhster/Desktop/RINS_task2/install/dis_tutorial3/share/dis_tutorial3//worlds/bird_demo1_meshes/grass_side.jpg\n'}
[3.013423] (dis_tutorial3) StdoutLine: {'line': b'-- Symlinking: /home/puhster/Desktop/RINS_task2/install/dis_tutorial3/share/dis_tutorial3//worlds/bird_demo1_meshes/green.jpg\n'}
[3.020440] (dis_tutorial3) StdoutLine: {'line': b'-- Symlinking: /home/puhster/Desktop/RINS_task2/install/dis_tutorial3/share/dis_tutorial3//worlds/bird_demo1_meshes/green_kingfisher.jpg\n'}
[3.027323] (dis_tutorial3) StdoutLine: {'line': b'-- Symlinking: /home/puhster/Desktop/RINS_task2/install/dis_tutorial3/share/dis_tutorial3//worlds/bird_demo1_meshes/ground.jpg\n'}
[3.033322] (dis_tutorial3) StdoutLine: {'line': b'-- Symlinking: /home/puhster/Desktop/RINS_task2/install/dis_tutorial3/share/dis_tutorial3//worlds/bird_demo1_meshes/map.dae\n'}
[3.039634] (dis_tutorial3) StdoutLine: {'line': b'-- Symlinking: /home/puhster/Desktop/RINS_task2/install/dis_tutorial3/share/dis_tutorial3//worlds/bird_demo1_meshes/map_colliders.dae\n'}
[3.046814] (dis_tutorial3) StdoutLine: {'line': b'-- Symlinking: /home/puhster/Desktop/RINS_task2/install/dis_tutorial3/share/dis_tutorial3//worlds/bird_demo1_meshes/objects.jpg\n'}
[3.053696] (dis_tutorial3) StdoutLine: {'line': b'-- Symlinking: /home/puhster/Desktop/RINS_task2/install/dis_tutorial3/share/dis_tutorial3//worlds/bird_demo1_meshes/person1.png\n'}
[3.058927] (dis_tutorial3) StdoutLine: {'line': b'-- Symlinking: /home/puhster/Desktop/RINS_task2/install/dis_tutorial3/share/dis_tutorial3//worlds/bird_demo1_meshes/person13.png\n'}
[3.064741] (dis_tutorial3) StdoutLine: {'line': b'-- Symlinking: /home/puhster/Desktop/RINS_task2/install/dis_tutorial3/share/dis_tutorial3//worlds/bird_demo1_meshes/person14.png\n'}
[3.071441] (dis_tutorial3) StdoutLine: {'line': b'-- Symlinking: /home/puhster/Desktop/RINS_task2/install/dis_tutorial3/share/dis_tutorial3//worlds/bird_demo1_meshes/person2.png.001.png\n'}
[3.077028] (dis_tutorial3) StdoutLine: {'line': b'-- Symlinking: /home/puhster/Desktop/RINS_task2/install/dis_tutorial3/share/dis_tutorial3//worlds/bird_demo1_meshes/person5.png.001.png\n'}
[3.083786] (dis_tutorial3) StdoutLine: {'line': b'-- Symlinking: /home/puhster/Desktop/RINS_task2/install/dis_tutorial3/share/dis_tutorial3//worlds/bird_demo1_meshes/person7.png\n'}
[3.090644] (dis_tutorial3) StdoutLine: {'line': b'-- Symlinking: /home/puhster/Desktop/RINS_task2/install/dis_tutorial3/share/dis_tutorial3//worlds/bird_demo1_meshes/qr1.jpg\n'}
[3.096802] (dis_tutorial3) StdoutLine: {'line': b'-- Symlinking: /home/puhster/Desktop/RINS_task2/install/dis_tutorial3/share/dis_tutorial3//worlds/bird_demo1_meshes/qr2.jpg\n'}
[3.102923] (dis_tutorial3) StdoutLine: {'line': b'-- Symlinking: /home/puhster/Desktop/RINS_task2/install/dis_tutorial3/share/dis_tutorial3//worlds/bird_demo1_meshes/qr3.jpg\n'}
[3.105240] (-) TimerEvent: {}
[3.108997] (dis_tutorial3) StdoutLine: {'line': b'-- Symlinking: /home/puhster/Desktop/RINS_task2/install/dis_tutorial3/share/dis_tutorial3//worlds/bird_demo1_meshes/qr4.jpg\n'}
[3.115205] (dis_tutorial3) StdoutLine: {'line': b'-- Symlinking: /home/puhster/Desktop/RINS_task2/install/dis_tutorial3/share/dis_tutorial3//worlds/bird_demo1_meshes/red.jpg\n'}
[3.122002] (dis_tutorial3) StdoutLine: {'line': b'-- Symlinking: /home/puhster/Desktop/RINS_task2/install/dis_tutorial3/share/dis_tutorial3//worlds/bird_demo1_meshes/rosy_finch.jpg\n'}
[3.129108] (dis_tutorial3) StdoutLine: {'line': b'-- Symlinking: /home/puhster/Desktop/RINS_task2/install/dis_tutorial3/share/dis_tutorial3//worlds/bird_demo1_meshes/rusty_blackbird.jpg\n'}
[3.135500] (dis_tutorial3) StdoutLine: {'line': b'-- Symlinking: /home/puhster/Desktop/RINS_task2/install/dis_tutorial3/share/dis_tutorial3//worlds/bird_demo1_meshes/water.jpg\n'}
[3.141420] (dis_tutorial3) StdoutLine: {'line': b'-- Symlinking: /home/puhster/Desktop/RINS_task2/install/dis_tutorial3/share/dis_tutorial3//worlds/bird_demo1_meshes/wood.jpg\n'}
[3.148399] (dis_tutorial3) StdoutLine: {'line': b'-- Symlinking: /home/puhster/Desktop/RINS_task2/install/dis_tutorial3/share/dis_tutorial3//worlds/bird_demo1_meshes/yellow.jpg\n'}
[3.155312] (dis_tutorial3) StdoutLine: {'line': b'-- Symlinking: /home/puhster/Desktop/RINS_task2/install/dis_tutorial3/share/dis_tutorial3//worlds/task1.sdf\n'}
[3.161493] (dis_tutorial3) StdoutLine: {'line': b'-- Symlinking: /home/puhster/Desktop/RINS_task2/install/dis_tutorial3/share/dis_tutorial3//worlds/task1_blue_demo.sdf\n'}
[3.167893] (dis_tutorial3) StdoutLine: {'line': b'-- Symlinking: /home/puhster/Desktop/RINS_task2/install/dis_tutorial3/share/dis_tutorial3//worlds/task1_blue_demo_meshes/black.jpg\n'}
[3.175092] (dis_tutorial3) StdoutLine: {'line': b'-- Symlinking: /home/puhster/Desktop/RINS_task2/install/dis_tutorial3/share/dis_tutorial3//worlds/task1_blue_demo_meshes/blue.jpg\n'}
[3.182656] (dis_tutorial3) StdoutLine: {'line': b'-- Symlinking: /home/puhster/Desktop/RINS_task2/install/dis_tutorial3/share/dis_tutorial3//worlds/task1_blue_demo_meshes/collider.obj\n'}
[3.190382] (dis_tutorial3) StdoutLine: {'line': b'-- Symlinking: /home/puhster/Desktop/RINS_task2/install/dis_tutorial3/share/dis_tutorial3//worlds/task1_blue_demo_meshes/fakering1.jpg\n'}
[3.196173] (dis_tutorial3) StdoutLine: {'line': b'-- Symlinking: /home/puhster/Desktop/RINS_task2/install/dis_tutorial3/share/dis_tutorial3//worlds/task1_blue_demo_meshes/fakering2.jpg\n'}
[3.202463] (dis_tutorial3) StdoutLine: {'line': b'-- Symlinking: /home/puhster/Desktop/RINS_task2/install/dis_tutorial3/share/dis_tutorial3//worlds/task1_blue_demo_meshes/fakering3.jpg\n'}
[3.205324] (-) TimerEvent: {}
[3.209503] (dis_tutorial3) StdoutLine: {'line': b'-- Symlinking: /home/puhster/Desktop/RINS_task2/install/dis_tutorial3/share/dis_tutorial3//worlds/task1_blue_demo_meshes/green.jpg\n'}
[3.215971] (dis_tutorial3) StdoutLine: {'line': b'-- Symlinking: /home/puhster/Desktop/RINS_task2/install/dis_tutorial3/share/dis_tutorial3//worlds/task1_blue_demo_meshes/ground.jpg\n'}
[3.222302] (dis_tutorial3) StdoutLine: {'line': b'-- Symlinking: /home/puhster/Desktop/RINS_task2/install/dis_tutorial3/share/dis_tutorial3//worlds/task1_blue_demo_meshes/map.mtl\n'}
[3.228550] (dis_tutorial3) StdoutLine: {'line': b'-- Symlinking: /home/puhster/Desktop/RINS_task2/install/dis_tutorial3/share/dis_tutorial3//worlds/task1_blue_demo_meshes/map.obj\n'}
[3.234716] (dis_tutorial3) StdoutLine: {'line': b'-- Symlinking: /home/puhster/Desktop/RINS_task2/install/dis_tutorial3/share/dis_tutorial3//worlds/task1_blue_demo_meshes/objects.jpg\n'}
[3.240505] (dis_tutorial3) StdoutLine: {'line': b'-- Symlinking: /home/puhster/Desktop/RINS_task2/install/dis_tutorial3/share/dis_tutorial3//worlds/task1_blue_demo_meshes/person1.png\n'}
[3.246260] (dis_tutorial3) StdoutLine: {'line': b'-- Symlinking: /home/puhster/Desktop/RINS_task2/install/dis_tutorial3/share/dis_tutorial3//worlds/task1_blue_demo_meshes/person18.png\n'}
[3.252660] (dis_tutorial3) StdoutLine: {'line': b'-- Symlinking: /home/puhster/Desktop/RINS_task2/install/dis_tutorial3/share/dis_tutorial3//worlds/task1_blue_demo_meshes/person5.png\n'}
[3.259320] (dis_tutorial3) StdoutLine: {'line': b'-- Symlinking: /home/puhster/Desktop/RINS_task2/install/dis_tutorial3/share/dis_tutorial3//worlds/task1_blue_demo_meshes/red.jpg\n'}
[3.265664] (dis_tutorial3) StdoutLine: {'line': b'-- Symlinking: /home/puhster/Desktop/RINS_task2/install/dis_tutorial3/share/dis_tutorial3//worlds/task1_blue_demo_meshes/yellow.jpg\n'}
[3.271778] (dis_tutorial3) StdoutLine: {'line': b'-- Symlinking: /home/puhster/Desktop/RINS_task2/install/dis_tutorial3/share/dis_tutorial3//worlds/task1_green_demo.sdf\n'}
[3.279304] (dis_tutorial3) StdoutLine: {'line': b'-- Symlinking: /home/puhster/Desktop/RINS_task2/install/dis_tutorial3/share/dis_tutorial3//worlds/task1_green_demo_meshes/black.jpg\n'}
[3.285798] (dis_tutorial3) StdoutLine: {'line': b'-- Symlinking: /home/puhster/Desktop/RINS_task2/install/dis_tutorial3/share/dis_tutorial3//worlds/task1_green_demo_meshes/blue.jpg\n'}
[3.292064] (dis_tutorial3) StdoutLine: {'line': b'-- Symlinking: /home/puhster/Desktop/RINS_task2/install/dis_tutorial3/share/dis_tutorial3//worlds/task1_green_demo_meshes/collider.mtl\n'}
[3.298331] (dis_tutorial3) StdoutLine: {'line': b'-- Symlinking: /home/puhster/Desktop/RINS_task2/install/dis_tutorial3/share/dis_tutorial3//worlds/task1_green_demo_meshes/collider.obj\n'}
[3.304660] (dis_tutorial3) StdoutLine: {'line': b'-- Symlinking: /home/puhster/Desktop/RINS_task2/install/dis_tutorial3/share/dis_tutorial3//worlds/task1_green_demo_meshes/fakering1.jpg\n'}
[3.305414] (-) TimerEvent: {}
[3.311121] (dis_tutorial3) StdoutLine: {'line': b'-- Symlinking: /home/puhster/Desktop/RINS_task2/install/dis_tutorial3/share/dis_tutorial3//worlds/task1_green_demo_meshes/fakering2.jpg\n'}
[3.318105] (dis_tutorial3) StdoutLine: {'line': b'-- Symlinking: /home/puhster/Desktop/RINS_task2/install/dis_tutorial3/share/dis_tutorial3//worlds/task1_green_demo_meshes/fakering3.jpg\n'}
[3.324352] (dis_tutorial3) StdoutLine: {'line': b'-- Symlinking: /home/puhster/Desktop/RINS_task2/install/dis_tutorial3/share/dis_tutorial3//worlds/task1_green_demo_meshes/green.jpg\n'}
[3.330720] (dis_tutorial3) StdoutLine: {'line': b'-- Symlinking: /home/puhster/Desktop/RINS_task2/install/dis_tutorial3/share/dis_tutorial3//worlds/task1_green_demo_meshes/ground.jpg\n'}
[3.336607] (dis_tutorial3) StdoutLine: {'line': b'-- Symlinking: /home/puhster/Desktop/RINS_task2/install/dis_tutorial3/share/dis_tutorial3//worlds/task1_green_demo_meshes/map.mtl\n'}
[3.343642] (dis_tutorial3) StdoutLine: {'line': b'-- Symlinking: /home/puhster/Desktop/RINS_task2/install/dis_tutorial3/share/dis_tutorial3//worlds/task1_green_demo_meshes/map.obj\n'}
[3.350624] (dis_tutorial3) StdoutLine: {'line': b'-- Symlinking: /home/puhster/Desktop/RINS_task2/install/dis_tutorial3/share/dis_tutorial3//worlds/task1_green_demo_meshes/objects.jpg\n'}
[3.356363] (dis_tutorial3) StdoutLine: {'line': b'-- Symlinking: /home/puhster/Desktop/RINS_task2/install/dis_tutorial3/share/dis_tutorial3//worlds/task1_green_demo_meshes/person17.png\n'}
[3.362347] (dis_tutorial3) StdoutLine: {'line': b'-- Symlinking: /home/puhster/Desktop/RINS_task2/install/dis_tutorial3/share/dis_tutorial3//worlds/task1_green_demo_meshes/person25.jpg\n'}
[3.368685] (dis_tutorial3) StdoutLine: {'line': b'-- Symlinking: /home/puhster/Desktop/RINS_task2/install/dis_tutorial3/share/dis_tutorial3//worlds/task1_green_demo_meshes/person37.jpg\n'}
[3.375800] (dis_tutorial3) StdoutLine: {'line': b'-- Symlinking: /home/puhster/Desktop/RINS_task2/install/dis_tutorial3/share/dis_tutorial3//worlds/task1_green_demo_meshes/red.jpg\n'}
[3.382353] (dis_tutorial3) StdoutLine: {'line': b'-- Symlinking: /home/puhster/Desktop/RINS_task2/install/dis_tutorial3/share/dis_tutorial3//worlds/task1_green_demo_meshes/yellow.jpg\n'}
[3.388336] (dis_tutorial3) StdoutLine: {'line': b'-- Symlinking: /home/puhster/Desktop/RINS_task2/install/dis_tutorial3/share/dis_tutorial3//worlds/task1_meshes/black.jpg\n'}
[3.395031] (dis_tutorial3) StdoutLine: {'line': b'-- Symlinking: /home/puhster/Desktop/RINS_task2/install/dis_tutorial3/share/dis_tutorial3//worlds/task1_meshes/blue.jpg\n'}
[3.401310] (dis_tutorial3) StdoutLine: {'line': b'-- Symlinking: /home/puhster/Desktop/RINS_task2/install/dis_tutorial3/share/dis_tutorial3//worlds/task1_meshes/collider.obj\n'}
[3.405608] (-) TimerEvent: {}
[3.406167] (dis_tutorial3) StdoutLine: {'line': b'-- Symlinking: /home/puhster/Desktop/RINS_task2/install/dis_tutorial3/share/dis_tutorial3//worlds/task1_meshes/fakering1.jpg\n'}
[3.411695] (dis_tutorial3) StdoutLine: {'line': b'-- Symlinking: /home/puhster/Desktop/RINS_task2/install/dis_tutorial3/share/dis_tutorial3//worlds/task1_meshes/fakering2.jpg\n'}
[3.416037] (dis_tutorial3) StdoutLine: {'line': b'-- Symlinking: /home/puhster/Desktop/RINS_task2/install/dis_tutorial3/share/dis_tutorial3//worlds/task1_meshes/fakering3.jpg\n'}
[3.419672] (dis_tutorial3) StdoutLine: {'line': b'-- Symlinking: /home/puhster/Desktop/RINS_task2/install/dis_tutorial3/share/dis_tutorial3//worlds/task1_meshes/green.jpg\n'}
[3.426430] (dis_tutorial3) StdoutLine: {'line': b'-- Symlinking: /home/puhster/Desktop/RINS_task2/install/dis_tutorial3/share/dis_tutorial3//worlds/task1_meshes/ground.jpg\n'}
[3.430382] (dis_tutorial3) StdoutLine: {'line': b'-- Symlinking: /home/puhster/Desktop/RINS_task2/install/dis_tutorial3/share/dis_tutorial3//worlds/task1_meshes/map.mtl\n'}
[3.435430] (dis_tutorial3) StdoutLine: {'line': b'-- Symlinking: /home/puhster/Desktop/RINS_task2/install/dis_tutorial3/share/dis_tutorial3//worlds/task1_meshes/map.obj\n'}
[3.442447] (dis_tutorial3) StdoutLine: {'line': b'-- Symlinking: /home/puhster/Desktop/RINS_task2/install/dis_tutorial3/share/dis_tutorial3//worlds/task1_meshes/objects.jpg\n'}
[3.449388] (dis_tutorial3) StdoutLine: {'line': b'-- Symlinking: /home/puhster/Desktop/RINS_task2/install/dis_tutorial3/share/dis_tutorial3//worlds/task1_meshes/person21.png\n'}
[3.455594] (dis_tutorial3) StdoutLine: {'line': b'-- Symlinking: /home/puhster/Desktop/RINS_task2/install/dis_tutorial3/share/dis_tutorial3//worlds/task1_meshes/person28.jpg\n'}
[3.462010] (dis_tutorial3) StdoutLine: {'line': b'-- Symlinking: /home/puhster/Desktop/RINS_task2/install/dis_tutorial3/share/dis_tutorial3//worlds/task1_meshes/person29.jpg\n'}
[3.468986] (dis_tutorial3) StdoutLine: {'line': b'-- Symlinking: /home/puhster/Desktop/RINS_task2/install/dis_tutorial3/share/dis_tutorial3//worlds/task1_meshes/red.jpg\n'}
[3.475083] (dis_tutorial3) StdoutLine: {'line': b'-- Symlinking: /home/puhster/Desktop/RINS_task2/install/dis_tutorial3/share/dis_tutorial3//worlds/task1_meshes/yellow.jpg\n'}
[3.480976] (dis_tutorial3) StdoutLine: {'line': b'-- Symlinking: /home/puhster/Desktop/RINS_task2/install/dis_tutorial3/share/dis_tutorial3//worlds/task1_yellow_demo.sdf\n'}
[3.487668] (dis_tutorial3) StdoutLine: {'line': b'-- Symlinking: /home/puhster/Desktop/RINS_task2/install/dis_tutorial3/share/dis_tutorial3//worlds/task1_yellow_demo_meshes/black.jpg\n'}
[3.494142] (dis_tutorial3) StdoutLine: {'line': b'-- Symlinking: /home/puhster/Desktop/RINS_task2/install/dis_tutorial3/share/dis_tutorial3//worlds/task1_yellow_demo_meshes/blue.jpg\n'}
[3.499915] (dis_tutorial3) StdoutLine: {'line': b'-- Symlinking: /home/puhster/Desktop/RINS_task2/install/dis_tutorial3/share/dis_tutorial3//worlds/task1_yellow_demo_meshes/collider.obj\n'}
[3.505790] (-) TimerEvent: {}
[3.506762] (dis_tutorial3) StdoutLine: {'line': b'-- Symlinking: /home/puhster/Desktop/RINS_task2/install/dis_tutorial3/share/dis_tutorial3//worlds/task1_yellow_demo_meshes/fakering1.jpg\n'}
[3.514254] (dis_tutorial3) StdoutLine: {'line': b'-- Symlinking: /home/puhster/Desktop/RINS_task2/install/dis_tutorial3/share/dis_tutorial3//worlds/task1_yellow_demo_meshes/fakering2.jpg\n'}
[3.520741] (dis_tutorial3) StdoutLine: {'line': b'-- Symlinking: /home/puhster/Desktop/RINS_task2/install/dis_tutorial3/share/dis_tutorial3//worlds/task1_yellow_demo_meshes/fakering3.jpg\n'}
[3.527090] (dis_tutorial3) StdoutLine: {'line': b'-- Symlinking: /home/puhster/Desktop/RINS_task2/install/dis_tutorial3/share/dis_tutorial3//worlds/task1_yellow_demo_meshes/green.jpg\n'}
[3.534771] (dis_tutorial3) StdoutLine: {'line': b'-- Symlinking: /home/puhster/Desktop/RINS_task2/install/dis_tutorial3/share/dis_tutorial3//worlds/task1_yellow_demo_meshes/ground.jpg\n'}
[3.541803] (dis_tutorial3) StdoutLine: {'line': b'-- Symlinking: /home/puhster/Desktop/RINS_task2/install/dis_tutorial3/share/dis_tutorial3//worlds/task1_yellow_demo_meshes/map.mtl\n'}
[3.547777] (dis_tutorial3) StdoutLine: {'line': b'-- Symlinking: /home/puhster/Desktop/RINS_task2/install/dis_tutorial3/share/dis_tutorial3//worlds/task1_yellow_demo_meshes/map.obj\n'}
[3.554080] (dis_tutorial3) StdoutLine: {'line': b'-- Symlinking: /home/puhster/Desktop/RINS_task2/install/dis_tutorial3/share/dis_tutorial3//worlds/task1_yellow_demo_meshes/objects.jpg\n'}
[3.561181] (dis_tutorial3) StdoutLine: {'line': b'-- Symlinking: /home/puhster/Desktop/RINS_task2/install/dis_tutorial3/share/dis_tutorial3//worlds/task1_yellow_demo_meshes/person11.png\n'}
[3.568567] (dis_tutorial3) StdoutLine: {'line': b'-- Symlinking: /home/puhster/Desktop/RINS_task2/install/dis_tutorial3/share/dis_tutorial3//worlds/task1_yellow_demo_meshes/person12.png\n'}
[3.574178] (dis_tutorial3) StdoutLine: {'line': b'-- Symlinking: /home/puhster/Desktop/RINS_task2/install/dis_tutorial3/share/dis_tutorial3//worlds/task1_yellow_demo_meshes/person9.png\n'}
[3.577670] (dis_tutorial3) StdoutLine: {'line': b'-- Symlinking: /home/puhster/Desktop/RINS_task2/install/dis_tutorial3/share/dis_tutorial3//worlds/task1_yellow_demo_meshes/red.jpg\n'}
[3.582525] (dis_tutorial3) StdoutLine: {'line': b'-- Symlinking: /home/puhster/Desktop/RINS_task2/install/dis_tutorial3/share/dis_tutorial3//worlds/task1_yellow_demo_meshes/yellow.jpg\n'}
[3.586628] (dis_tutorial3) StdoutLine: {'line': b'-- Symlinking: /home/puhster/Desktop/RINS_task2/install/dis_tutorial3/share/dis_tutorial3//worlds/task2_blue_demo.sdf\n'}
[3.591417] (dis_tutorial3) StdoutLine: {'line': b'-- Symlinking: /home/puhster/Desktop/RINS_task2/install/dis_tutorial3/share/dis_tutorial3//worlds/task2_blue_demo_meshes/anita_she_her_quality_inspector.png\n'}
[3.595210] (dis_tutorial3) StdoutLine: {'line': b'-- Symlinking: /home/puhster/Desktop/RINS_task2/install/dis_tutorial3/share/dis_tutorial3//worlds/task2_blue_demo_meshes/asphalt.jpg\n'}
[3.599560] (dis_tutorial3) StdoutLine: {'line': b'-- Symlinking: /home/puhster/Desktop/RINS_task2/install/dis_tutorial3/share/dis_tutorial3//worlds/task2_blue_demo_meshes/belt.jpg\n'}
[3.605067] (dis_tutorial3) StdoutLine: {'line': b'-- Symlinking: /home/puhster/Desktop/RINS_task2/install/dis_tutorial3/share/dis_tutorial3//worlds/task2_blue_demo_meshes/black.jpg\n'}
[3.606052] (-) TimerEvent: {}
[3.609782] (dis_tutorial3) StdoutLine: {'line': b'-- Symlinking: /home/puhster/Desktop/RINS_task2/install/dis_tutorial3/share/dis_tutorial3//worlds/task2_blue_demo_meshes/blue.jpg\n'}
[3.613592] (dis_tutorial3) StdoutLine: {'line': b'-- Symlinking: /home/puhster/Desktop/RINS_task2/install/dis_tutorial3/share/dis_tutorial3//worlds/task2_blue_demo_meshes/buildings_colourmap.png\n'}
[3.619756] (dis_tutorial3) StdoutLine: {'line': b'-- Symlinking: /home/puhster/Desktop/RINS_task2/install/dis_tutorial3/share/dis_tutorial3//worlds/task2_blue_demo_meshes/collider.mtl\n'}
[3.623867] (dis_tutorial3) StdoutLine: {'line': b'-- Symlinking: /home/puhster/Desktop/RINS_task2/install/dis_tutorial3/share/dis_tutorial3//worlds/task2_blue_demo_meshes/collider.obj\n'}
[3.628693] (dis_tutorial3) StdoutLine: {'line': b'-- Symlinking: /home/puhster/Desktop/RINS_task2/install/dis_tutorial3/share/dis_tutorial3//worlds/task2_blue_demo_meshes/colormap.png\n'}
[3.634367] (dis_tutorial3) StdoutLine: {'line': b'-- Symlinking: /home/puhster/Desktop/RINS_task2/install/dis_tutorial3/share/dis_tutorial3//worlds/task2_blue_demo_meshes/damaged10.png\n'}
[3.638709] (dis_tutorial3) StdoutLine: {'line': b'-- Symlinking: /home/puhster/Desktop/RINS_task2/install/dis_tutorial3/share/dis_tutorial3//worlds/task2_blue_demo_meshes/damaged11.png\n'}
[3.642677] (dis_tutorial3) StdoutLine: {'line': b'-- Symlinking: /home/puhster/Desktop/RINS_task2/install/dis_tutorial3/share/dis_tutorial3//worlds/task2_blue_demo_meshes/damaged12.png\n'}
[3.647614] (dis_tutorial3) StdoutLine: {'line': b'-- Symlinking: /home/puhster/Desktop/RINS_task2/install/dis_tutorial3/share/dis_tutorial3//worlds/task2_blue_demo_meshes/damaged13.png\n'}
[3.654306] (dis_tutorial3) StdoutLine: {'line': b'-- Symlinking: /home/puhster/Desktop/RINS_task2/install/dis_tutorial3/share/dis_tutorial3//worlds/task2_blue_demo_meshes/damaged14.png\n'}
[3.659317] (dis_tutorial3) StdoutLine: {'line': b'-- Symlinking: /home/puhster/Desktop/RINS_task2/install/dis_tutorial3/share/dis_tutorial3//worlds/task2_blue_demo_meshes/damaged15.png\n'}
[3.666078] (dis_tutorial3) StdoutLine: {'line': b'-- Symlinking: /home/puhster/Desktop/RINS_task2/install/dis_tutorial3/share/dis_tutorial3//worlds/task2_blue_demo_meshes/fakering1.jpg\n'}
[3.672714] (dis_tutorial3) StdoutLine: {'line': b'-- Symlinking: /home/puhster/Desktop/RINS_task2/install/dis_tutorial3/share/dis_tutorial3//worlds/task2_blue_demo_meshes/fakering2.jpg\n'}
[3.678893] (dis_tutorial3) StdoutLine: {'line': b'-- Symlinking: /home/puhster/Desktop/RINS_task2/install/dis_tutorial3/share/dis_tutorial3//worlds/task2_blue_demo_meshes/fakering3.jpg\n'}
[3.685931] (dis_tutorial3) StdoutLine: {'line': b'-- Symlinking: /home/puhster/Desktop/RINS_task2/install/dis_tutorial3/share/dis_tutorial3//worlds/task2_blue_demo_meshes/felix_he_him_belt_technician.png\n'}
[3.691218] (dis_tutorial3) StdoutLine: {'line': b'-- Symlinking: /home/puhster/Desktop/RINS_task2/install/dis_tutorial3/share/dis_tutorial3//worlds/task2_blue_demo_meshes/good1.png\n'}
[3.698090] (dis_tutorial3) StdoutLine: {'line': b'-- Symlinking: /home/puhster/Desktop/RINS_task2/install/dis_tutorial3/share/dis_tutorial3//worlds/task2_blue_demo_meshes/good2.png\n'}
[3.704764] (dis_tutorial3) StdoutLine: {'line': b'-- Symlinking: /home/puhster/Desktop/RINS_task2/install/dis_tutorial3/share/dis_tutorial3//worlds/task2_blue_demo_meshes/green.jpg\n'}
[3.706140] (-) TimerEvent: {}
[3.710226] (dis_tutorial3) StdoutLine: {'line': b'-- Symlinking: /home/puhster/Desktop/RINS_task2/install/dis_tutorial3/share/dis_tutorial3//worlds/task2_blue_demo_meshes/ground.jpg\n'}
[3.717186] (dis_tutorial3) StdoutLine: {'line': b'-- Symlinking: /home/puhster/Desktop/RINS_task2/install/dis_tutorial3/share/dis_tutorial3//worlds/task2_blue_demo_meshes/jeff_he_him_cto.png\n'}
[3.721946] (dis_tutorial3) StdoutLine: {'line': b'-- Symlinking: /home/puhster/Desktop/RINS_task2/install/dis_tutorial3/share/dis_tutorial3//worlds/task2_blue_demo_meshes/laura_she_her_middle_manager.png\n'}
[3.727881] (dis_tutorial3) StdoutLine: {'line': b'-- Symlinking: /home/puhster/Desktop/RINS_task2/install/dis_tutorial3/share/dis_tutorial3//worlds/task2_blue_demo_meshes/map.mtl\n'}
[3.734843] (dis_tutorial3) StdoutLine: {'line': b'-- Symlinking: /home/puhster/Desktop/RINS_task2/install/dis_tutorial3/share/dis_tutorial3//worlds/task2_blue_demo_meshes/map.obj\n'}
[3.741075] (dis_tutorial3) StdoutLine: {'line': b'-- Symlinking: /home/puhster/Desktop/RINS_task2/install/dis_tutorial3/share/dis_tutorial3//worlds/task2_blue_demo_meshes/objects.jpg\n'}
[3.747297] (dis_tutorial3) StdoutLine: {'line': b'-- Symlinking: /home/puhster/Desktop/RINS_task2/install/dis_tutorial3/share/dis_tutorial3//worlds/task2_blue_demo_meshes/qr_barrels.png\n'}
[3.754090] (dis_tutorial3) StdoutLine: {'line': b'-- Symlinking: /home/puhster/Desktop/RINS_task2/install/dis_tutorial3/share/dis_tutorial3//worlds/task2_blue_demo_meshes/qr_break.png\n'}
[3.760498] (dis_tutorial3) StdoutLine: {'line': b'-- Symlinking: /home/puhster/Desktop/RINS_task2/install/dis_tutorial3/share/dis_tutorial3//worlds/task2_blue_demo_meshes/qr_bridge.png\n'}
[3.767413] (dis_tutorial3) StdoutLine: {'line': b'-- Symlinking: /home/puhster/Desktop/RINS_task2/install/dis_tutorial3/share/dis_tutorial3//worlds/task2_blue_demo_meshes/qr_cto.png\n'}
[3.773643] (dis_tutorial3) StdoutLine: {'line': b'-- Symlinking: /home/puhster/Desktop/RINS_task2/install/dis_tutorial3/share/dis_tutorial3//worlds/task2_blue_demo_meshes/qr_flow.png\n'}
[3.779482] (dis_tutorial3) StdoutLine: {'line': b'-- Symlinking: /home/puhster/Desktop/RINS_task2/install/dis_tutorial3/share/dis_tutorial3//worlds/task2_blue_demo_meshes/qr_greenbelt.png\n'}
[3.785726] (dis_tutorial3) StdoutLine: {'line': b'-- Symlinking: /home/puhster/Desktop/RINS_task2/install/dis_tutorial3/share/dis_tutorial3//worlds/task2_blue_demo_meshes/qr_incinerator.png\n'}
[3.793105] (dis_tutorial3) StdoutLine: {'line': b'-- Symlinking: /home/puhster/Desktop/RINS_task2/install/dis_tutorial3/share/dis_tutorial3//worlds/task2_blue_demo_meshes/qr_nothing.png\n'}
[3.800084] (dis_tutorial3) StdoutLine: {'line': b'-- Symlinking: /home/puhster/Desktop/RINS_task2/install/dis_tutorial3/share/dis_tutorial3//worlds/task2_blue_demo_meshes/qr_redbelt.png\n'}
[3.805676] (dis_tutorial3) StdoutLine: {'line': b'-- Symlinking: /home/puhster/Desktop/RINS_task2/install/dis_tutorial3/share/dis_tutorial3//worlds/task2_blue_demo_meshes/qr_rings.png\n'}
[3.806230] (-) TimerEvent: {}
[3.811967] (dis_tutorial3) StdoutLine: {'line': b'-- Symlinking: /home/puhster/Desktop/RINS_task2/install/dis_tutorial3/share/dis_tutorial3//worlds/task2_blue_demo_meshes/red.jpg\n'}
[3.818849] (dis_tutorial3) StdoutLine: {'line': b'-- Symlinking: /home/puhster/Desktop/RINS_task2/install/dis_tutorial3/share/dis_tutorial3//worlds/task2_blue_demo_meshes/victor_he_him_plc_programmer.png\n'}
[3.825918] (dis_tutorial3) StdoutLine: {'line': b'-- Symlinking: /home/puhster/Desktop/RINS_task2/install/dis_tutorial3/share/dis_tutorial3//worlds/task2_blue_demo_meshes/yellow.jpg\n'}
[3.832781] (dis_tutorial3) StdoutLine: {'line': b'-- Symlinking: /home/puhster/Desktop/RINS_task2/install/dis_tutorial3/share/dis_tutorial3//worlds/task2_green_demo.sdf\n'}
[3.838884] (dis_tutorial3) StdoutLine: {'line': b'-- Symlinking: /home/puhster/Desktop/RINS_task2/install/dis_tutorial3/share/dis_tutorial3//worlds/task2_green_demo_meshes/asphalt.jpg\n'}
[3.845725] (dis_tutorial3) StdoutLine: {'line': b'-- Symlinking: /home/puhster/Desktop/RINS_task2/install/dis_tutorial3/share/dis_tutorial3//worlds/task2_green_demo_meshes/belt.jpg\n'}
[3.851421] (dis_tutorial3) StdoutLine: {'line': b'-- Symlinking: /home/puhster/Desktop/RINS_task2/install/dis_tutorial3/share/dis_tutorial3//worlds/task2_green_demo_meshes/black.jpg\n'}
[3.858333] (dis_tutorial3) StdoutLine: {'line': b'-- Symlinking: /home/puhster/Desktop/RINS_task2/install/dis_tutorial3/share/dis_tutorial3//worlds/task2_green_demo_meshes/blue.jpg\n'}
[3.862238] (dis_tutorial3) StdoutLine: {'line': b'-- Symlinking: /home/puhster/Desktop/RINS_task2/install/dis_tutorial3/share/dis_tutorial3//worlds/task2_green_demo_meshes/buildings_colourmap.png\n'}
[3.868498] (dis_tutorial3) StdoutLine: {'line': b'-- Symlinking: /home/puhster/Desktop/RINS_task2/install/dis_tutorial3/share/dis_tutorial3//worlds/task2_green_demo_meshes/collider.mtl\n'}
[3.874150] (dis_tutorial3) StdoutLine: {'line': b'-- Symlinking: /home/puhster/Desktop/RINS_task2/install/dis_tutorial3/share/dis_tutorial3//worlds/task2_green_demo_meshes/collider.obj\n'}
[3.879843] (dis_tutorial3) StdoutLine: {'line': b'-- Symlinking: /home/puhster/Desktop/RINS_task2/install/dis_tutorial3/share/dis_tutorial3//worlds/task2_green_demo_meshes/colormap.png\n'}
[3.886300] (dis_tutorial3) StdoutLine: {'line': b'-- Symlinking: /home/puhster/Desktop/RINS_task2/install/dis_tutorial3/share/dis_tutorial3//worlds/task2_green_demo_meshes/damaged10.png\n'}
[3.892843] (dis_tutorial3) StdoutLine: {'line': b'-- Symlinking: /home/puhster/Desktop/RINS_task2/install/dis_tutorial3/share/dis_tutorial3//worlds/task2_green_demo_meshes/damaged11.png\n'}
[3.899702] (dis_tutorial3) StdoutLine: {'line': b'-- Symlinking: /home/puhster/Desktop/RINS_task2/install/dis_tutorial3/share/dis_tutorial3//worlds/task2_green_demo_meshes/damaged12.png\n'}
[3.905939] (dis_tutorial3) StdoutLine: {'line': b'-- Symlinking: /home/puhster/Desktop/RINS_task2/install/dis_tutorial3/share/dis_tutorial3//worlds/task2_green_demo_meshes/damaged13.png\n'}
[3.906414] (-) TimerEvent: {}
[3.912453] (dis_tutorial3) StdoutLine: {'line': b'-- Symlinking: /home/puhster/Desktop/RINS_task2/install/dis_tutorial3/share/dis_tutorial3//worlds/task2_green_demo_meshes/damaged14.png\n'}
[3.918929] (dis_tutorial3) StdoutLine: {'line': b'-- Symlinking: /home/puhster/Desktop/RINS_task2/install/dis_tutorial3/share/dis_tutorial3//worlds/task2_green_demo_meshes/damaged15.png\n'}
[3.925668] (dis_tutorial3) StdoutLine: {'line': b'-- Symlinking: /home/puhster/Desktop/RINS_task2/install/dis_tutorial3/share/dis_tutorial3//worlds/task2_green_demo_meshes/elena_she_her_forklift_driver.png\n'}
[3.932172] (dis_tutorial3) StdoutLine: {'line': b'-- Symlinking: /home/puhster/Desktop/RINS_task2/install/dis_tutorial3/share/dis_tutorial3//worlds/task2_green_demo_meshes/fakering1.jpg\n'}
[3.937341] (dis_tutorial3) StdoutLine: {'line': b'-- Symlinking: /home/puhster/Desktop/RINS_task2/install/dis_tutorial3/share/dis_tutorial3//worlds/task2_green_demo_meshes/fakering2.jpg\n'}
[3.943431] (dis_tutorial3) StdoutLine: {'line': b'-- Symlinking: /home/puhster/Desktop/RINS_task2/install/dis_tutorial3/share/dis_tutorial3//worlds/task2_green_demo_meshes/fakering3.jpg\n'}
[3.948200] (dis_tutorial3) StdoutLine: {'line': b'-- Symlinking: /home/puhster/Desktop/RINS_task2/install/dis_tutorial3/share/dis_tutorial3//worlds/task2_green_demo_meshes/fred_he_him_visitor.png\n'}
[3.955685] (dis_tutorial3) StdoutLine: {'line': b'-- Symlinking: /home/puhster/Desktop/RINS_task2/install/dis_tutorial3/share/dis_tutorial3//worlds/task2_green_demo_meshes/good1.png\n'}
[3.962405] (dis_tutorial3) StdoutLine: {'line': b'-- Symlinking: /home/puhster/Desktop/RINS_task2/install/dis_tutorial3/share/dis_tutorial3//worlds/task2_green_demo_meshes/good2.png\n'}
[3.967728] (dis_tutorial3) StdoutLine: {'line': b'-- Symlinking: /home/puhster/Desktop/RINS_task2/install/dis_tutorial3/share/dis_tutorial3//worlds/task2_green_demo_meshes/green.jpg\n'}
[3.974372] (dis_tutorial3) StdoutLine: {'line': b'-- Symlinking: /home/puhster/Desktop/RINS_task2/install/dis_tutorial3/share/dis_tutorial3//worlds/task2_green_demo_meshes/ground.jpg\n'}
[3.978491] (dis_tutorial3) StdoutLine: {'line': b'-- Symlinking: /home/puhster/Desktop/RINS_task2/install/dis_tutorial3/share/dis_tutorial3//worlds/task2_green_demo_meshes/jeff_he_him_cto.png\n'}
[3.982287] (dis_tutorial3) StdoutLine: {'line': b'-- Symlinking: /home/puhster/Desktop/RINS_task2/install/dis_tutorial3/share/dis_tutorial3//worlds/task2_green_demo_meshes/luka_he_him_accountant.png\n'}
[3.989032] (dis_tutorial3) StdoutLine: {'line': b'-- Symlinking: /home/puhster/Desktop/RINS_task2/install/dis_tutorial3/share/dis_tutorial3//worlds/task2_green_demo_meshes/map.mtl\n'}
[3.994682] (dis_tutorial3) StdoutLine: {'line': b'-- Symlinking: /home/puhster/Desktop/RINS_task2/install/dis_tutorial3/share/dis_tutorial3//worlds/task2_green_demo_meshes/map.obj\n'}
[4.000455] (dis_tutorial3) StdoutLine: {'line': b'-- Symlinking: /home/puhster/Desktop/RINS_task2/install/dis_tutorial3/share/dis_tutorial3//worlds/task2_green_demo_meshes/maria_she_her_delivery_driver.png\n'}
[4.006501] (-) TimerEvent: {}
[4.007139] (dis_tutorial3) StdoutLine: {'line': b'-- Symlinking: /home/puhster/Desktop/RINS_task2/install/dis_tutorial3/share/dis_tutorial3//worlds/task2_green_demo_meshes/objects.jpg\n'}
[4.013380] (dis_tutorial3) StdoutLine: {'line': b'-- Symlinking: /home/puhster/Desktop/RINS_task2/install/dis_tutorial3/share/dis_tutorial3//worlds/task2_green_demo_meshes/qr_barrels.png\n'}
[4.020627] (dis_tutorial3) StdoutLine: {'line': b'-- Symlinking: /home/puhster/Desktop/RINS_task2/install/dis_tutorial3/share/dis_tutorial3//worlds/task2_green_demo_meshes/qr_bridge.png\n'}
[4.027440] (dis_tutorial3) StdoutLine: {'line': b'-- Symlinking: /home/puhster/Desktop/RINS_task2/install/dis_tutorial3/share/dis_tutorial3//worlds/task2_green_demo_meshes/qr_cto.png\n'}
[4.032822] (dis_tutorial3) StdoutLine: {'line': b'-- Symlinking: /home/puhster/Desktop/RINS_task2/install/dis_tutorial3/share/dis_tutorial3//worlds/task2_green_demo_meshes/qr_flow.png\n'}
[4.039350] (dis_tutorial3) StdoutLine: {'line': b'-- Symlinking: /home/puhster/Desktop/RINS_task2/install/dis_tutorial3/share/dis_tutorial3//worlds/task2_green_demo_meshes/qr_greenbelt.png\n'}
[4.043205] (dis_tutorial3) StdoutLine: {'line': b'-- Symlinking: /home/puhster/Desktop/RINS_task2/install/dis_tutorial3/share/dis_tutorial3//worlds/task2_green_demo_meshes/qr_incinerator.png\n'}
[4.047907] (dis_tutorial3) StdoutLine: {'line': b'-- Symlinking: /home/puhster/Desktop/RINS_task2/install/dis_tutorial3/share/dis_tutorial3//worlds/task2_green_demo_meshes/qr_nothing.png\n'}
[4.054573] (dis_tutorial3) StdoutLine: {'line': b'-- Symlinking: /home/puhster/Desktop/RINS_task2/install/dis_tutorial3/share/dis_tutorial3//worlds/task2_green_demo_meshes/qr_redbelt.png\n'}
[4.061251] (dis_tutorial3) StdoutLine: {'line': b'-- Symlinking: /home/puhster/Desktop/RINS_task2/install/dis_tutorial3/share/dis_tutorial3//worlds/task2_green_demo_meshes/qr_rings.png\n'}
[4.065589] (dis_tutorial3) StdoutLine: {'line': b'-- Symlinking: /home/puhster/Desktop/RINS_task2/install/dis_tutorial3/share/dis_tutorial3//worlds/task2_green_demo_meshes/red.jpg\n'}
[4.072384] (dis_tutorial3) StdoutLine: {'line': b'-- Symlinking: /home/puhster/Desktop/RINS_task2/install/dis_tutorial3/share/dis_tutorial3//worlds/task2_green_demo_meshes/yellow.jpg\n'}
[4.077818] (dis_tutorial3) StdoutLine: {'line': b'-- Symlinking: /home/puhster/Desktop/RINS_task2/install/dis_tutorial3/share/dis_tutorial3//worlds/task2_yellow_demo.sdf\n'}
[4.084750] (dis_tutorial3) StdoutLine: {'line': b'-- Symlinking: /home/puhster/Desktop/RINS_task2/install/dis_tutorial3/share/dis_tutorial3//worlds/task2_yellow_demo_meshes/anna_she_her_visitor.png\n'}
[4.091078] (dis_tutorial3) StdoutLine: {'line': b'-- Symlinking: /home/puhster/Desktop/RINS_task2/install/dis_tutorial3/share/dis_tutorial3//worlds/task2_yellow_demo_meshes/asphalt.jpg\n'}
[4.096927] (dis_tutorial3) StdoutLine: {'line': b'-- Symlinking: /home/puhster/Desktop/RINS_task2/install/dis_tutorial3/share/dis_tutorial3//worlds/task2_yellow_demo_meshes/belt.jpg\n'}
[4.103604] (dis_tutorial3) StdoutLine: {'line': b'-- Symlinking: /home/puhster/Desktop/RINS_task2/install/dis_tutorial3/share/dis_tutorial3//worlds/task2_yellow_demo_meshes/black.jpg\n'}
[4.106600] (-) TimerEvent: {}
[4.108533] (dis_tutorial3) StdoutLine: {'line': b'-- Symlinking: /home/puhster/Desktop/RINS_task2/install/dis_tutorial3/share/dis_tutorial3//worlds/task2_yellow_demo_meshes/blue.jpg\n'}
[4.114256] (dis_tutorial3) StdoutLine: {'line': b'-- Symlinking: /home/puhster/Desktop/RINS_task2/install/dis_tutorial3/share/dis_tutorial3//worlds/task2_yellow_demo_meshes/buildings_colourmap.png\n'}
[4.121225] (dis_tutorial3) StdoutLine: {'line': b'-- Symlinking: /home/puhster/Desktop/RINS_task2/install/dis_tutorial3/share/dis_tutorial3//worlds/task2_yellow_demo_meshes/collider.mtl\n'}
[4.125780] (dis_tutorial3) StdoutLine: {'line': b'-- Symlinking: /home/puhster/Desktop/RINS_task2/install/dis_tutorial3/share/dis_tutorial3//worlds/task2_yellow_demo_meshes/collider.obj\n'}
[4.130644] (dis_tutorial3) StdoutLine: {'line': b'-- Symlinking: /home/puhster/Desktop/RINS_task2/install/dis_tutorial3/share/dis_tutorial3//worlds/task2_yellow_demo_meshes/colormap.png\n'}
[4.137274] (dis_tutorial3) StdoutLine: {'line': b'-- Symlinking: /home/puhster/Desktop/RINS_task2/install/dis_tutorial3/share/dis_tutorial3//worlds/task2_yellow_demo_meshes/damaged19.png\n'}
[4.142271] (dis_tutorial3) StdoutLine: {'line': b'-- Symlinking: /home/puhster/Desktop/RINS_task2/install/dis_tutorial3/share/dis_tutorial3//worlds/task2_yellow_demo_meshes/damaged20.png\n'}
[4.148044] (dis_tutorial3) StdoutLine: {'line': b'-- Symlinking: /home/puhster/Desktop/RINS_task2/install/dis_tutorial3/share/dis_tutorial3//worlds/task2_yellow_demo_meshes/damaged21.png\n'}
[4.154442] (dis_tutorial3) StdoutLine: {'line': b'-- Symlinking: /home/puhster/Desktop/RINS_task2/install/dis_tutorial3/share/dis_tutorial3//worlds/task2_yellow_demo_meshes/damaged25.png\n'}
[4.157533] (dis_tutorial3) StdoutLine: {'line': b'-- Symlinking: /home/puhster/Desktop/RINS_task2/install/dis_tutorial3/share/dis_tutorial3//worlds/task2_yellow_demo_meshes/damaged26.png\n'}
[4.161278] (dis_tutorial3) StdoutLine: {'line': b'-- Symlinking: /home/puhster/Desktop/RINS_task2/install/dis_tutorial3/share/dis_tutorial3//worlds/task2_yellow_demo_meshes/david_he_him_welder.png\n'}
[4.167225] (dis_tutorial3) StdoutLine: {'line': b'-- Symlinking: /home/puhster/Desktop/RINS_task2/install/dis_tutorial3/share/dis_tutorial3//worlds/task2_yellow_demo_meshes/fakering1.jpg\n'}
[4.170669] (dis_tutorial3) StdoutLine: {'line': b'-- Symlinking: /home/puhster/Desktop/RINS_task2/install/dis_tutorial3/share/dis_tutorial3//worlds/task2_yellow_demo_meshes/fakering2.jpg\n'}
[4.174145] (dis_tutorial3) StdoutLine: {'line': b'-- Symlinking: /home/puhster/Desktop/RINS_task2/install/dis_tutorial3/share/dis_tutorial3//worlds/task2_yellow_demo_meshes/fakering3.jpg\n'}
[4.178384] (dis_tutorial3) StdoutLine: {'line': b'-- Symlinking: /home/puhster/Desktop/RINS_task2/install/dis_tutorial3/share/dis_tutorial3//worlds/task2_yellow_demo_meshes/good2.png\n'}
[4.184286] (dis_tutorial3) StdoutLine: {'line': b'-- Symlinking: /home/puhster/Desktop/RINS_task2/install/dis_tutorial3/share/dis_tutorial3//worlds/task2_yellow_demo_meshes/good5.png\n'}
[4.189256] (dis_tutorial3) StdoutLine: {'line': b'-- Symlinking: /home/puhster/Desktop/RINS_task2/install/dis_tutorial3/share/dis_tutorial3//worlds/task2_yellow_demo_meshes/green.jpg\n'}
[4.193930] (dis_tutorial3) StdoutLine: {'line': b'-- Symlinking: /home/puhster/Desktop/RINS_task2/install/dis_tutorial3/share/dis_tutorial3//worlds/task2_yellow_demo_meshes/ground.jpg\n'}
[4.200649] (dis_tutorial3) StdoutLine: {'line': b'-- Symlinking: /home/puhster/Desktop/RINS_task2/install/dis_tutorial3/share/dis_tutorial3//worlds/task2_yellow_demo_meshes/jeff_he_him_cto.png\n'}
[4.206767] (-) TimerEvent: {}
[4.207025] (dis_tutorial3) StdoutLine: {'line': b'-- Symlinking: /home/puhster/Desktop/RINS_task2/install/dis_tutorial3/share/dis_tutorial3//worlds/task2_yellow_demo_meshes/map.mtl\n'}
[4.213655] (dis_tutorial3) StdoutLine: {'line': b'-- Symlinking: /home/puhster/Desktop/RINS_task2/install/dis_tutorial3/share/dis_tutorial3//worlds/task2_yellow_demo_meshes/map.obj\n'}
[4.221088] (dis_tutorial3) StdoutLine: {'line': b'-- Symlinking: /home/puhster/Desktop/RINS_task2/install/dis_tutorial3/share/dis_tutorial3//worlds/task2_yellow_demo_meshes/objects.jpg\n'}
[4.227168] (dis_tutorial3) StdoutLine: {'line': b'-- Symlinking: /home/puhster/Desktop/RINS_task2/install/dis_tutorial3/share/dis_tutorial3//worlds/task2_yellow_demo_meshes/qr_barrels.png\n'}
[4.234295] (dis_tutorial3) StdoutLine: {'line': b'-- Symlinking: /home/puhster/Desktop/RINS_task2/install/dis_tutorial3/share/dis_tutorial3//worlds/task2_yellow_demo_meshes/qr_bridge.png\n'}
[4.240313] (dis_tutorial3) StdoutLine: {'line': b'-- Symlinking: /home/puhster/Desktop/RINS_task2/install/dis_tutorial3/share/dis_tutorial3//worlds/task2_yellow_demo_meshes/qr_cto.png\n'}
[4.247326] (dis_tutorial3) StdoutLine: {'line': b'-- Symlinking: /home/puhster/Desktop/RINS_task2/install/dis_tutorial3/share/dis_tutorial3//worlds/task2_yellow_demo_meshes/qr_flow.png\n'}
[4.253778] (dis_tutorial3) StdoutLine: {'line': b'-- Symlinking: /home/puhster/Desktop/RINS_task2/install/dis_tutorial3/share/dis_tutorial3//worlds/task2_yellow_demo_meshes/qr_greenbelt.png\n'}
[4.257661] (dis_tutorial3) StdoutLine: {'line': b'-- Symlinking: /home/puhster/Desktop/RINS_task2/install/dis_tutorial3/share/dis_tutorial3//worlds/task2_yellow_demo_meshes/qr_incinerator.png\n'}
[4.262919] (dis_tutorial3) StdoutLine: {'line': b'-- Symlinking: /home/puhster/Desktop/RINS_task2/install/dis_tutorial3/share/dis_tutorial3//worlds/task2_yellow_demo_meshes/qr_nothing.png\n'}
[4.269039] (dis_tutorial3) StdoutLine: {'line': b'-- Symlinking: /home/puhster/Desktop/RINS_task2/install/dis_tutorial3/share/dis_tutorial3//worlds/task2_yellow_demo_meshes/qr_redbelt.png\n'}
[4.275368] (dis_tutorial3) StdoutLine: {'line': b'-- Symlinking: /home/puhster/Desktop/RINS_task2/install/dis_tutorial3/share/dis_tutorial3//worlds/task2_yellow_demo_meshes/qr_rings.png\n'}
[4.282339] (dis_tutorial3) StdoutLine: {'line': b'-- Symlinking: /home/puhster/Desktop/RINS_task2/install/dis_tutorial3/share/dis_tutorial3//worlds/task2_yellow_demo_meshes/red.jpg\n'}
[4.288180] (dis_tutorial3) StdoutLine: {'line': b'-- Symlinking: /home/puhster/Desktop/RINS_task2/install/dis_tutorial3/share/dis_tutorial3//worlds/task2_yellow_demo_meshes/sara_she_her_inventory_manager.png\n'}
[4.294739] (dis_tutorial3) StdoutLine: {'line': b'-- Symlinking: /home/puhster/Desktop/RINS_task2/install/dis_tutorial3/share/dis_tutorial3//worlds/task2_yellow_demo_meshes/sofia_she_her_laser_calibrator.png\n'}
[4.300421] (dis_tutorial3) StdoutLine: {'line': b'-- Symlinking: /home/puhster/Desktop/RINS_task2/install/dis_tutorial3/share/dis_tutorial3//worlds/task2_yellow_demo_meshes/yellow.jpg\n'}
[4.306058] (dis_tutorial3) StdoutLine: {'line': b'-- Symlinking: /home/puhster/Desktop/RINS_task2/install/dis_tutorial3/share/dis_tutorial3//maps/bird_demo.pgm\n'}
[4.306856] (-) TimerEvent: {}
[4.312915] (dis_tutorial3) StdoutLine: {'line': b'-- Symlinking: /home/puhster/Desktop/RINS_task2/install/dis_tutorial3/share/dis_tutorial3//maps/bird_demo.yaml\n'}
[4.319036] (dis_tutorial3) StdoutLine: {'line': b'-- Symlinking: /home/puhster/Desktop/RINS_task2/install/dis_tutorial3/share/dis_tutorial3//maps/task1.pgm\n'}
[4.325442] (dis_tutorial3) StdoutLine: {'line': b'-- Symlinking: /home/puhster/Desktop/RINS_task2/install/dis_tutorial3/share/dis_tutorial3//maps/task1.yaml\n'}
[4.332311] (dis_tutorial3) StdoutLine: {'line': b'-- Symlinking: /home/puhster/Desktop/RINS_task2/install/dis_tutorial3/share/dis_tutorial3//urdf/lite/turtlebot4.urdf.xacro\n'}
[4.338028] (dis_tutorial3) StdoutLine: {'line': b'-- Symlinking: /home/puhster/Desktop/RINS_task2/install/dis_tutorial3/share/dis_tutorial3//urdf/sensors/camera_bracket.urdf.xacro\n'}
[4.345680] (dis_tutorial3) StdoutLine: {'line': b'-- Symlinking: /home/puhster/Desktop/RINS_task2/install/dis_tutorial3/share/dis_tutorial3//urdf/sensors/oakd.urdf.xacro\n'}
[4.352532] (dis_tutorial3) StdoutLine: {'line': b'-- Symlinking: /home/puhster/Desktop/RINS_task2/install/dis_tutorial3/share/dis_tutorial3//urdf/sensors/rplidar.urdf.xacro\n'}
[4.359642] (dis_tutorial3) StdoutLine: {'line': b'-- Symlinking: /home/puhster/Desktop/RINS_task2/install/dis_tutorial3/share/dis_tutorial3//urdf/standard/tower_sensor_plate.urdf.xacro\n'}
[4.364248] (dis_tutorial3) StdoutLine: {'line': b'-- Symlinking: /home/puhster/Desktop/RINS_task2/install/dis_tutorial3/share/dis_tutorial3//urdf/standard/tower_standoff.urdf.xacro\n'}
[4.370686] (dis_tutorial3) StdoutLine: {'line': b'-- Symlinking: /home/puhster/Desktop/RINS_task2/install/dis_tutorial3/share/dis_tutorial3//urdf/standard/turtlebot4.urdf.xacro\n'}
[4.376398] (dis_tutorial3) StdoutLine: {'line': b'-- Symlinking: /home/puhster/Desktop/RINS_task2/install/dis_tutorial3/share/dis_tutorial3//urdf/standard/weight_block.urdf.xacro\n'}
[4.383508] (dis_tutorial3) StdoutLine: {'line': b'-- Symlinking: /home/puhster/Desktop/RINS_task2/install/dis_tutorial3/lib/dis_tutorial3/detect_people.py\n'}
[4.390249] (dis_tutorial3) StdoutLine: {'line': b'-- Symlinking: /home/puhster/Desktop/RINS_task2/install/dis_tutorial3/lib/dis_tutorial3/robot_commander.py\n'}
[4.395433] (dis_tutorial3) StdoutLine: {'line': b'-- Symlinking: /home/puhster/Desktop/RINS_task2/install/dis_tutorial3/share/ament_index/resource_index/package_run_dependencies/dis_tutorial3\n'}
[4.402163] (dis_tutorial3) StdoutLine: {'line': b'-- Symlinking: /home/puhster/Desktop/RINS_task2/install/dis_tutorial3/share/ament_index/resource_index/parent_prefix_path/dis_tutorial3\n'}
[4.407041] (-) TimerEvent: {}
[4.407877] (dis_tutorial3) StdoutLine: {'line': b'-- Symlinking: /home/puhster/Desktop/RINS_task2/install/dis_tutorial3/share/dis_tutorial3/environment/ament_prefix_path.sh\n'}
[4.413749] (dis_tutorial3) StdoutLine: {'line': b'-- Symlinking: /home/puhster/Desktop/RINS_task2/install/dis_tutorial3/share/dis_tutorial3/environment/ament_prefix_path.dsv\n'}
[4.419731] (dis_tutorial3) StdoutLine: {'line': b'-- Symlinking: /home/puhster/Desktop/RINS_task2/install/dis_tutorial3/share/dis_tutorial3/environment/path.sh\n'}
[4.426951] (dis_tutorial3) StdoutLine: {'line': b'-- Symlinking: /home/puhster/Desktop/RINS_task2/install/dis_tutorial3/share/dis_tutorial3/environment/path.dsv\n'}
[4.433667] (dis_tutorial3) StdoutLine: {'line': b'-- Symlinking: /home/puhster/Desktop/RINS_task2/install/dis_tutorial3/share/dis_tutorial3/local_setup.bash\n'}
[4.438802] (dis_tutorial3) StdoutLine: {'line': b'-- Symlinking: /home/puhster/Desktop/RINS_task2/install/dis_tutorial3/share/dis_tutorial3/local_setup.sh\n'}
[4.445923] (dis_tutorial3) StdoutLine: {'line': b'-- Symlinking: /home/puhster/Desktop/RINS_task2/install/dis_tutorial3/share/dis_tutorial3/local_setup.zsh\n'}
[4.451306] (dis_tutorial3) StdoutLine: {'line': b'-- Symlinking: /home/puhster/Desktop/RINS_task2/install/dis_tutorial3/share/dis_tutorial3/local_setup.dsv\n'}
[4.455952] (dis_tutorial3) StdoutLine: {'line': b'-- Symlinking: /home/puhster/Desktop/RINS_task2/install/dis_tutorial3/share/dis_tutorial3/package.dsv\n'}
[4.460206] (dis_tutorial3) StdoutLine: {'line': b'-- Symlinking: /home/puhster/Desktop/RINS_task2/install/dis_tutorial3/share/ament_index/resource_index/packages/dis_tutorial3\n'}
[4.464811] (dis_tutorial3) StdoutLine: {'line': b'-- Symlinking: /home/puhster/Desktop/RINS_task2/install/dis_tutorial3/share/dis_tutorial3/cmake/dis_tutorial3Config.cmake\n'}
[4.467908] (dis_tutorial3) StdoutLine: {'line': b'-- Symlinking: /home/puhster/Desktop/RINS_task2/install/dis_tutorial3/share/dis_tutorial3/cmake/dis_tutorial3Config-version.cmake\n'}
[4.472609] (dis_tutorial3) StdoutLine: {'line': b'-- Symlinking: /home/puhster/Desktop/RINS_task2/install/dis_tutorial3/share/dis_tutorial3/package.xml\n'}
[4.477756] (dis_tutorial3) CommandEnded: {'returncode': 0}
[4.505223] (dis_tutorial3) JobEnded: {'identifier': 'dis_tutorial3', 'rc': 0}
[4.506031] (-) EventReactorShutdown: {}
