[0.000000] (-) TimerEvent: {}
[0.000141] (dis_tutorial3) JobQueued: {'identifier': 'dis_tutorial3', 'dependencies': OrderedDict()}
[0.000199] (dis_tutorial3) JobStarted: {'identifier': 'dis_tutorial3'}
[0.005774] (dis_tutorial3) JobProgress: {'identifier': 'dis_tutorial3', 'progress': 'cmake'}
[0.006021] (dis_tutorial3) JobProgress: {'identifier': 'dis_tutorial3', 'progress': 'build'}
[0.006460] (dis_tutorial3) Command: {'cmd': ['/usr/bin/cmake', '--build', '/home/puhster/Desktop/RINS_task2/build/dis_tutorial3', '--', '-j32', '-l32'], 'cwd': '/home/puhster/Desktop/RINS_task2/build/dis_tutorial3', 'env': OrderedDict({'GJS_DEBUG_TOPICS': 'JS ERROR;JS LOG', 'XDG_ACTIVATION_TOKEN': 'gnome-shell/Terminator/3393-11-puhster-ROG-Strix-G18-G814JIR-G814JIR_TIME58076132', 'LESSOPEN': '| /usr/bin/lesspipe %s', 'IGN_IP': '127.0.0.1', 'GZ_SIM_RESOURCE_PATH': '/opt/ros/jazzy/share', 'USER': 'puhster', 'GZ_CONFIG_PATH': '/opt/ros/jazzy/opt/gz_sim_vendor/share/gz:/opt/ros/jazzy/opt/sdformat_vendor/share/gz:/opt/ros/jazzy/opt/gz_gui_vendor/share/gz:/opt/ros/jazzy/opt/gz_transport_vendor/share/gz:/opt/ros/jazzy/opt/gz_rendering_vendor/share/gz:/opt/ros/jazzy/opt/gz_plugin_vendor/share/gz:/opt/ros/jazzy/opt/gz_fuel_tools_vendor/share/gz:/opt/ros/jazzy/opt/gz_msgs_vendor/share/gz:/opt/ros/jazzy/opt/gz_common_vendor/share/gz', 'XDG_SESSION_TYPE': 'x11', 'CLUTTER_DISABLE_MIPMAPPED_TEXT': '1', 'SHLVL': '1', 'LD_LIBRARY_PATH': '/home/puhster/Desktop/RINS/install/msg_types/lib:/opt/ros/jazzy/opt/zenoh_cpp_vendor/lib:/opt/ros/jazzy/opt/gz_sim_vendor/lib:/opt/ros/jazzy/opt/gz_sensors_vendor/lib:/opt/ros/jazzy/opt/gz_physics_vendor/lib:/opt/ros/jazzy/opt/sdformat_vendor/lib:/opt/ros/jazzy/opt/rviz_ogre_vendor/lib:/opt/ros/jazzy/lib/x86_64-linux-gnu:/opt/ros/jazzy/opt/gz_gui_vendor/lib:/opt/ros/jazzy/opt/gz_transport_vendor/lib:/opt/ros/jazzy/opt/gz_rendering_vendor/lib:/opt/ros/jazzy/opt/gz_plugin_vendor/lib:/opt/ros/jazzy/opt/gz_fuel_tools_vendor/lib:/opt/ros/jazzy/opt/gz_msgs_vendor/lib:/opt/ros/jazzy/opt/gz_common_vendor/lib:/opt/ros/jazzy/opt/gz_math_vendor/lib:/opt/ros/jazzy/opt/gz_utils_vendor/lib:/opt/ros/jazzy/opt/gz_tools_vendor/lib:/opt/ros/jazzy/opt/gz_ogre_next_vendor/lib:/opt/ros/jazzy/opt/gz_dartsim_vendor/lib:/opt/ros/jazzy/opt/gz_cmake_vendor/lib:/opt/ros/jazzy/lib', 'HOME': '/home/puhster', 'OLDPWD': '/home/puhster/Desktop', 'DESKTOP_SESSION': 'ubuntu', 'GIO_LAUNCHED_DESKTOP_FILE': '/usr/share/applications/terminator.desktop', 'ROS_PYTHON_VERSION': '3', 'GNOME_SHELL_SESSION_MODE': 'ubuntu', 'GTK_MODULES': 'gail:atk-bridge', 'MANAGERPID': '3007', 'SYSTEMD_EXEC_PID': '3393', 'GSM_SKIP_SSH_AGENT_WORKAROUND': 'true', 'DBUS_SESSION_BUS_ADDRESS': 'unix:path=/run/user/1000/bus', 'COLORTERM': 'truecolor', 'TERMINATOR_DBUS_NAME': 'net.tenshu.Terminator23558193cd9818af7fe4d2c2f5bd9d00f', 'GIO_LAUNCHED_DESKTOP_FILE_PID': '107715', 'DEBUGINFOD_URLS': 'https://debuginfod.ubuntu.com', 'COLCON_PREFIX_PATH': '/home/puhster/Desktop/RINS_task2/install:/home/puhster/Desktop/RINS/install', 'ROS_DISTRO': 'jazzy', 'LOGNAME': 'puhster', 'JOURNAL_STREAM': '9:14702', '_': '/usr/bin/colcon', 'ROS_VERSION': '2', 'MEMORY_PRESSURE_WATCH': '/sys/fs/cgroup/user.slice/user-1000.slice/user@1000.service/session.slice/org.gnome.Shell@x11.service/memory.pressure', 'XDG_SESSION_CLASS': 'user', 'USERNAME': 'puhster', 'TERM': 'xterm-256color', 'GNOME_DESKTOP_SESSION_ID': 'this-is-deprecated', 'WINDOWPATH': '2', 'PATH': '/opt/ros/jazzy/opt/gz_msgs_vendor/bin:/opt/ros/jazzy/opt/gz_tools_vendor/bin:/opt/ros/jazzy/opt/gz_ogre_next_vendor/bin:/opt/ros/jazzy/bin:/home/puhster/.local/bin:/usr/local/sbin:/usr/local/bin:/usr/sbin:/usr/bin:/sbin:/bin:/usr/games:/usr/local/games:/snap/bin:/snap/bin', 'SESSION_MANAGER': 'local/puhster-ROG-Strix-G18-G814JIR-G814JIR:@/tmp/.ICE-unix/3361,unix/puhster-ROG-Strix-G18-G814JIR-G814JIR:/tmp/.ICE-unix/3361', 'INVOCATION_ID': '86bfbc3ab4364919b089ce4bd5825d2b', 'XDG_MENU_PREFIX': 'gnome-', 'XDG_RUNTIME_DIR': '/run/user/1000', 'DISPLAY': ':1', 'TERMINATOR_DBUS_PATH': '/net/tenshu/Terminator2', 'LANG': 'en_US.UTF-8', 'XDG_CURRENT_DESKTOP': 'ubuntu:GNOME', 'RMW_IMPLEMENTATION': 'rmw_zenoh_cpp', 'XMODIFIERS': '@im=ibus', 'XDG_SESSION_DESKTOP': 'ubuntu', 'XAUTHORITY': '/run/user/1000/gdm/Xauthority', 'LS_COLORS': 'rs=0:di=01;34:ln=01;36:mh=00:pi=40;33:so=01;35:do=01;35:bd=40;33;01:cd=40;33;01:or=40;31;01:mi=00:su=37;41:sg=30;43:ca=00:tw=30;42:ow=34;42:st=37;44:ex=01;32:*.tar=01;31:*.tgz=01;31:*.arc=01;31:*.arj=01;31:*.taz=01;31:*.lha=01;31:*.lz4=01;31:*.lzh=01;31:*.lzma=01;31:*.tlz=01;31:*.txz=01;31:*.tzo=01;31:*.t7z=01;31:*.zip=01;31:*.z=01;31:*.dz=01;31:*.gz=01;31:*.lrz=01;31:*.lz=01;31:*.lzo=01;31:*.xz=01;31:*.zst=01;31:*.tzst=01;31:*.bz2=01;31:*.bz=01;31:*.tbz=01;31:*.tbz2=01;31:*.tz=01;31:*.deb=01;31:*.rpm=01;31:*.jar=01;31:*.war=01;31:*.ear=01;31:*.sar=01;31:*.rar=01;31:*.alz=01;31:*.ace=01;31:*.zoo=01;31:*.cpio=01;31:*.7z=01;31:*.rz=01;31:*.cab=01;31:*.wim=01;31:*.swm=01;31:*.dwm=01;31:*.esd=01;31:*.avif=01;35:*.jpg=01;35:*.jpeg=01;35:*.mjpg=01;35:*.mjpeg=01;35:*.gif=01;35:*.bmp=01;35:*.pbm=01;35:*.pgm=01;35:*.ppm=01;35:*.tga=01;35:*.xbm=01;35:*.xpm=01;35:*.tif=01;35:*.tiff=01;35:*.png=01;35:*.svg=01;35:*.svgz=01;35:*.mng=01;35:*.pcx=01;35:*.mov=01;35:*.mpg=01;35:*.mpeg=01;35:*.m2v=01;35:*.mkv=01;35:*.webm=01;35:*.webp=01;35:*.ogm=01;35:*.mp4=01;35:*.m4v=01;35:*.mp4v=01;35:*.vob=01;35:*.qt=01;35:*.nuv=01;35:*.wmv=01;35:*.asf=01;35:*.rm=01;35:*.rmvb=01;35:*.flc=01;35:*.avi=01;35:*.fli=01;35:*.flv=01;35:*.gl=01;35:*.dl=01;35:*.xcf=01;35:*.xwd=01;35:*.yuv=01;35:*.cgm=01;35:*.emf=01;35:*.ogv=01;35:*.ogx=01;35:*.aac=00;36:*.au=00;36:*.flac=00;36:*.m4a=00;36:*.mid=00;36:*.midi=00;36:*.mka=00;36:*.mp3=00;36:*.mpc=00;36:*.ogg=00;36:*.ra=00;36:*.wav=00;36:*.oga=00;36:*.opus=00;36:*.spx=00;36:*.xspf=00;36:*~=00;90:*#=00;90:*.bak=00;90:*.crdownload=00;90:*.dpkg-dist=00;90:*.dpkg-new=00;90:*.dpkg-old=00;90:*.dpkg-tmp=00;90:*.old=00;90:*.orig=00;90:*.part=00;90:*.rej=00;90:*.rpmnew=00;90:*.rpmorig=00;90:*.rpmsave=00;90:*.swp=00;90:*.tmp=00;90:*.ucf-dist=00;90:*.ucf-new=00;90:*.ucf-old=00;90:', 'MOZ_USE_XINPUT2': '1', 'SSH_AUTH_SOCK': '/run/user/1000/keyring/ssh', 'AMENT_PREFIX_PATH': '/home/puhster/Desktop/RINS_task2/install/dis_tutorial3:/home/puhster/Desktop/RINS/install/task1:/home/puhster/Desktop/RINS/install/msg_types:/home/puhster/Desktop/RINS/install/dis_tutorial3:/opt/ros/jazzy', 'SHELL': '/bin/bash', 'TERMINATOR_UUID': 'urn:uuid:97158407-3022-4266-bf7f-4571f484e72e', 'QT_ACCESSIBILITY': '1', 'GDMSESSION': 'ubuntu', 'LESSCLOSE': '/usr/bin/lesspipe %s %s', 'GPG_AGENT_INFO': '/run/user/1000/gnupg/S.gpg-agent:0:1', 'GJS_DEBUG_OUTPUT': 'stderr', 'GZ_VERSION': 'harmonic', 'ROS_AUTOMATIC_DISCOVERY_RANGE': 'SUBNET', 'QT_IM_MODULE': 'ibus', 'PWD': '/home/puhster/Desktop/RINS_task2/build/dis_tutorial3', 'XDG_CONFIG_DIRS': '/etc/xdg/xdg-ubuntu:/etc/xdg', 'XDG_DATA_DIRS': '/usr/share/ubuntu:/usr/share/gnome:/usr/local/share/:/usr/share/:/var/lib/snapd/desktop', 'PYTHONPATH': '/home/puhster/Desktop/RINS/install/task1/lib/python3.12/site-packages:/home/puhster/Desktop/RINS/install/msg_types/lib/python3.12/site-packages:/opt/ros/jazzy/lib/python3.12/site-packages', 'COLCON': '1', 'MEMORY_PRESSURE_WRITE': 'c29tZSAyMDAwMDAgMjAwMDAwMAA=', 'VTE_VERSION': '7600', 'CMAKE_PREFIX_PATH': '/home/puhster/Desktop/RINS_task2/install/dis_tutorial3:/home/puhster/Desktop/RINS/install/msg_types:/home/puhster/Desktop/RINS/install/dis_tutorial3:/opt/ros/jazzy/opt/gz_sim_vendor:/opt/ros/jazzy/opt/gz_sensors_vendor:/opt/ros/jazzy/opt/gz_physics_vendor:/opt/ros/jazzy/opt/sdformat_vendor:/opt/ros/jazzy/opt/gz_gui_vendor:/opt/ros/jazzy/opt/gz_transport_vendor:/opt/ros/jazzy/opt/gz_rendering_vendor:/opt/ros/jazzy/opt/gz_plugin_vendor:/opt/ros/jazzy/opt/gz_fuel_tools_vendor:/opt/ros/jazzy/opt/gz_msgs_vendor:/opt/ros/jazzy/opt/gz_common_vendor:/opt/ros/jazzy/opt/gz_math_vendor:/opt/ros/jazzy/opt/gz_utils_vendor:/opt/ros/jazzy/opt/gz_tools_vendor:/opt/ros/jazzy/opt/gz_ogre_next_vendor:/opt/ros/jazzy/opt/gz_dartsim_vendor:/opt/ros/jazzy/opt/gz_cmake_vendor:/home/puhster/Desktop/RINS/install/task1:/opt/ros/jazzy'}), 'shell': False}
[0.032387] (dis_tutorial3) CommandEnded: {'returncode': 0}
[0.032723] (dis_tutorial3) JobProgress: {'identifier': 'dis_tutorial3', 'progress': 'install'}
[0.035942] (dis_tutorial3) Command: {'cmd': ['/usr/bin/cmake', '--install', '/home/puhster/Desktop/RINS_task2/build/dis_tutorial3'], 'cwd': '/home/puhster/Desktop/RINS_task2/build/dis_tutorial3', 'env': OrderedDict({'GJS_DEBUG_TOPICS': 'JS ERROR;JS LOG', 'XDG_ACTIVATION_TOKEN': 'gnome-shell/Terminator/3393-11-puhster-ROG-Strix-G18-G814JIR-G814JIR_TIME58076132', 'LESSOPEN': '| /usr/bin/lesspipe %s', 'IGN_IP': '127.0.0.1', 'GZ_SIM_RESOURCE_PATH': '/opt/ros/jazzy/share', 'USER': 'puhster', 'GZ_CONFIG_PATH': '/opt/ros/jazzy/opt/gz_sim_vendor/share/gz:/opt/ros/jazzy/opt/sdformat_vendor/share/gz:/opt/ros/jazzy/opt/gz_gui_vendor/share/gz:/opt/ros/jazzy/opt/gz_transport_vendor/share/gz:/opt/ros/jazzy/opt/gz_rendering_vendor/share/gz:/opt/ros/jazzy/opt/gz_plugin_vendor/share/gz:/opt/ros/jazzy/opt/gz_fuel_tools_vendor/share/gz:/opt/ros/jazzy/opt/gz_msgs_vendor/share/gz:/opt/ros/jazzy/opt/gz_common_vendor/share/gz', 'XDG_SESSION_TYPE': 'x11', 'CLUTTER_DISABLE_MIPMAPPED_TEXT': '1', 'SHLVL': '1', 'LD_LIBRARY_PATH': '/home/puhster/Desktop/RINS/install/msg_types/lib:/opt/ros/jazzy/opt/zenoh_cpp_vendor/lib:/opt/ros/jazzy/opt/gz_sim_vendor/lib:/opt/ros/jazzy/opt/gz_sensors_vendor/lib:/opt/ros/jazzy/opt/gz_physics_vendor/lib:/opt/ros/jazzy/opt/sdformat_vendor/lib:/opt/ros/jazzy/opt/rviz_ogre_vendor/lib:/opt/ros/jazzy/lib/x86_64-linux-gnu:/opt/ros/jazzy/opt/gz_gui_vendor/lib:/opt/ros/jazzy/opt/gz_transport_vendor/lib:/opt/ros/jazzy/opt/gz_rendering_vendor/lib:/opt/ros/jazzy/opt/gz_plugin_vendor/lib:/opt/ros/jazzy/opt/gz_fuel_tools_vendor/lib:/opt/ros/jazzy/opt/gz_msgs_vendor/lib:/opt/ros/jazzy/opt/gz_common_vendor/lib:/opt/ros/jazzy/opt/gz_math_vendor/lib:/opt/ros/jazzy/opt/gz_utils_vendor/lib:/opt/ros/jazzy/opt/gz_tools_vendor/lib:/opt/ros/jazzy/opt/gz_ogre_next_vendor/lib:/opt/ros/jazzy/opt/gz_dartsim_vendor/lib:/opt/ros/jazzy/opt/gz_cmake_vendor/lib:/opt/ros/jazzy/lib', 'HOME': '/home/puhster', 'OLDPWD': '/home/puhster/Desktop', 'DESKTOP_SESSION': 'ubuntu', 'GIO_LAUNCHED_DESKTOP_FILE': '/usr/share/applications/terminator.desktop', 'ROS_PYTHON_VERSION': '3', 'GNOME_SHELL_SESSION_MODE': 'ubuntu', 'GTK_MODULES': 'gail:atk-bridge', 'MANAGERPID': '3007', 'SYSTEMD_EXEC_PID': '3393', 'GSM_SKIP_SSH_AGENT_WORKAROUND': 'true', 'DBUS_SESSION_BUS_ADDRESS': 'unix:path=/run/user/1000/bus', 'COLORTERM': 'truecolor', 'TERMINATOR_DBUS_NAME': 'net.tenshu.Terminator23558193cd9818af7fe4d2c2f5bd9d00f', 'GIO_LAUNCHED_DESKTOP_FILE_PID': '107715', 'DEBUGINFOD_URLS': 'https://debuginfod.ubuntu.com', 'COLCON_PREFIX_PATH': '/home/puhster/Desktop/RINS_task2/install:/home/puhster/Desktop/RINS/install', 'ROS_DISTRO': 'jazzy', 'LOGNAME': 'puhster', 'JOURNAL_STREAM': '9:14702', '_': '/usr/bin/colcon', 'ROS_VERSION': '2', 'MEMORY_PRESSURE_WATCH': '/sys/fs/cgroup/user.slice/user-1000.slice/user@1000.service/session.slice/org.gnome.Shell@x11.service/memory.pressure', 'XDG_SESSION_CLASS': 'user', 'USERNAME': 'puhster', 'TERM': 'xterm-256color', 'GNOME_DESKTOP_SESSION_ID': 'this-is-deprecated', 'WINDOWPATH': '2', 'PATH': '/opt/ros/jazzy/opt/gz_msgs_vendor/bin:/opt/ros/jazzy/opt/gz_tools_vendor/bin:/opt/ros/jazzy/opt/gz_ogre_next_vendor/bin:/opt/ros/jazzy/bin:/home/puhster/.local/bin:/usr/local/sbin:/usr/local/bin:/usr/sbin:/usr/bin:/sbin:/bin:/usr/games:/usr/local/games:/snap/bin:/snap/bin', 'SESSION_MANAGER': 'local/puhster-ROG-Strix-G18-G814JIR-G814JIR:@/tmp/.ICE-unix/3361,unix/puhster-ROG-Strix-G18-G814JIR-G814JIR:/tmp/.ICE-unix/3361', 'INVOCATION_ID': '86bfbc3ab4364919b089ce4bd5825d2b', 'XDG_MENU_PREFIX': 'gnome-', 'XDG_RUNTIME_DIR': '/run/user/1000', 'DISPLAY': ':1', 'TERMINATOR_DBUS_PATH': '/net/tenshu/Terminator2', 'LANG': 'en_US.UTF-8', 'XDG_CURRENT_DESKTOP': 'ubuntu:GNOME', 'RMW_IMPLEMENTATION': 'rmw_zenoh_cpp', 'XMODIFIERS': '@im=ibus', 'XDG_SESSION_DESKTOP': 'ubuntu', 'XAUTHORITY': '/run/user/1000/gdm/Xauthority', 'LS_COLORS': 'rs=0:di=01;34:ln=01;36:mh=00:pi=40;33:so=01;35:do=01;35:bd=40;33;01:cd=40;33;01:or=40;31;01:mi=00:su=37;41:sg=30;43:ca=00:tw=30;42:ow=34;42:st=37;44:ex=01;32:*.tar=01;31:*.tgz=01;31:*.arc=01;31:*.arj=01;31:*.taz=01;31:*.lha=01;31:*.lz4=01;31:*.lzh=01;31:*.lzma=01;31:*.tlz=01;31:*.txz=01;31:*.tzo=01;31:*.t7z=01;31:*.zip=01;31:*.z=01;31:*.dz=01;31:*.gz=01;31:*.lrz=01;31:*.lz=01;31:*.lzo=01;31:*.xz=01;31:*.zst=01;31:*.tzst=01;31:*.bz2=01;31:*.bz=01;31:*.tbz=01;31:*.tbz2=01;31:*.tz=01;31:*.deb=01;31:*.rpm=01;31:*.jar=01;31:*.war=01;31:*.ear=01;31:*.sar=01;31:*.rar=01;31:*.alz=01;31:*.ace=01;31:*.zoo=01;31:*.cpio=01;31:*.7z=01;31:*.rz=01;31:*.cab=01;31:*.wim=01;31:*.swm=01;31:*.dwm=01;31:*.esd=01;31:*.avif=01;35:*.jpg=01;35:*.jpeg=01;35:*.mjpg=01;35:*.mjpeg=01;35:*.gif=01;35:*.bmp=01;35:*.pbm=01;35:*.pgm=01;35:*.ppm=01;35:*.tga=01;35:*.xbm=01;35:*.xpm=01;35:*.tif=01;35:*.tiff=01;35:*.png=01;35:*.svg=01;35:*.svgz=01;35:*.mng=01;35:*.pcx=01;35:*.mov=01;35:*.mpg=01;35:*.mpeg=01;35:*.m2v=01;35:*.mkv=01;35:*.webm=01;35:*.webp=01;35:*.ogm=01;35:*.mp4=01;35:*.m4v=01;35:*.mp4v=01;35:*.vob=01;35:*.qt=01;35:*.nuv=01;35:*.wmv=01;35:*.asf=01;35:*.rm=01;35:*.rmvb=01;35:*.flc=01;35:*.avi=01;35:*.fli=01;35:*.flv=01;35:*.gl=01;35:*.dl=01;35:*.xcf=01;35:*.xwd=01;35:*.yuv=01;35:*.cgm=01;35:*.emf=01;35:*.ogv=01;35:*.ogx=01;35:*.aac=00;36:*.au=00;36:*.flac=00;36:*.m4a=00;36:*.mid=00;36:*.midi=00;36:*.mka=00;36:*.mp3=00;36:*.mpc=00;36:*.ogg=00;36:*.ra=00;36:*.wav=00;36:*.oga=00;36:*.opus=00;36:*.spx=00;36:*.xspf=00;36:*~=00;90:*#=00;90:*.bak=00;90:*.crdownload=00;90:*.dpkg-dist=00;90:*.dpkg-new=00;90:*.dpkg-old=00;90:*.dpkg-tmp=00;90:*.old=00;90:*.orig=00;90:*.part=00;90:*.rej=00;90:*.rpmnew=00;90:*.rpmorig=00;90:*.rpmsave=00;90:*.swp=00;90:*.tmp=00;90:*.ucf-dist=00;90:*.ucf-new=00;90:*.ucf-old=00;90:', 'MOZ_USE_XINPUT2': '1', 'SSH_AUTH_SOCK': '/run/user/1000/keyring/ssh', 'AMENT_PREFIX_PATH': '/home/puhster/Desktop/RINS_task2/install/dis_tutorial3:/home/puhster/Desktop/RINS/install/task1:/home/puhster/Desktop/RINS/install/msg_types:/home/puhster/Desktop/RINS/install/dis_tutorial3:/opt/ros/jazzy', 'SHELL': '/bin/bash', 'TERMINATOR_UUID': 'urn:uuid:97158407-3022-4266-bf7f-4571f484e72e', 'QT_ACCESSIBILITY': '1', 'GDMSESSION': 'ubuntu', 'LESSCLOSE': '/usr/bin/lesspipe %s %s', 'GPG_AGENT_INFO': '/run/user/1000/gnupg/S.gpg-agent:0:1', 'GJS_DEBUG_OUTPUT': 'stderr', 'GZ_VERSION': 'harmonic', 'ROS_AUTOMATIC_DISCOVERY_RANGE': 'SUBNET', 'QT_IM_MODULE': 'ibus', 'PWD': '/home/puhster/Desktop/RINS_task2/build/dis_tutorial3', 'XDG_CONFIG_DIRS': '/etc/xdg/xdg-ubuntu:/etc/xdg', 'XDG_DATA_DIRS': '/usr/share/ubuntu:/usr/share/gnome:/usr/local/share/:/usr/share/:/var/lib/snapd/desktop', 'PYTHONPATH': '/home/puhster/Desktop/RINS/install/task1/lib/python3.12/site-packages:/home/puhster/Desktop/RINS/install/msg_types/lib/python3.12/site-packages:/opt/ros/jazzy/lib/python3.12/site-packages', 'COLCON': '1', 'MEMORY_PRESSURE_WRITE': 'c29tZSAyMDAwMDAgMjAwMDAwMAA=', 'VTE_VERSION': '7600', 'CMAKE_PREFIX_PATH': '/home/puhster/Desktop/RINS_task2/install/dis_tutorial3:/home/puhster/Desktop/RINS/install/msg_types:/home/puhster/Desktop/RINS/install/dis_tutorial3:/opt/ros/jazzy/opt/gz_sim_vendor:/opt/ros/jazzy/opt/gz_sensors_vendor:/opt/ros/jazzy/opt/gz_physics_vendor:/opt/ros/jazzy/opt/sdformat_vendor:/opt/ros/jazzy/opt/gz_gui_vendor:/opt/ros/jazzy/opt/gz_transport_vendor:/opt/ros/jazzy/opt/gz_rendering_vendor:/opt/ros/jazzy/opt/gz_plugin_vendor:/opt/ros/jazzy/opt/gz_fuel_tools_vendor:/opt/ros/jazzy/opt/gz_msgs_vendor:/opt/ros/jazzy/opt/gz_common_vendor:/opt/ros/jazzy/opt/gz_math_vendor:/opt/ros/jazzy/opt/gz_utils_vendor:/opt/ros/jazzy/opt/gz_tools_vendor:/opt/ros/jazzy/opt/gz_ogre_next_vendor:/opt/ros/jazzy/opt/gz_dartsim_vendor:/opt/ros/jazzy/opt/gz_cmake_vendor:/home/puhster/Desktop/RINS/install/task1:/opt/ros/jazzy'}), 'shell': False}
[0.039545] (dis_tutorial3) StdoutLine: {'line': b'-- Install configuration: ""\n'}
[0.039813] (dis_tutorial3) StdoutLine: {'line': b'-- Execute custom install script\n'}
[0.039961] (dis_tutorial3) StdoutLine: {'line': b'-- Up-to-date symlink: /home/puhster/Desktop/RINS_task2/install/dis_tutorial3/share/dis_tutorial3//launch/dis_sim.launch.py\n'}
[0.040006] (dis_tutorial3) StdoutLine: {'line': b'-- Up-to-date symlink: /home/puhster/Desktop/RINS_task2/install/dis_tutorial3/share/dis_tutorial3//launch/fixed_navigation.launch.py\n'}
[0.040054] (dis_tutorial3) StdoutLine: {'line': b'-- Up-to-date symlink: /home/puhster/Desktop/RINS_task2/install/dis_tutorial3/share/dis_tutorial3//launch/localization.launch.py\n'}
[0.040081] (dis_tutorial3) StdoutLine: {'line': b'-- Up-to-date symlink: /home/puhster/Desktop/RINS_task2/install/dis_tutorial3/share/dis_tutorial3//launch/nav2.launch.py\n'}
[0.040122] (dis_tutorial3) StdoutLine: {'line': b'-- Up-to-date symlink: /home/puhster/Desktop/RINS_task2/install/dis_tutorial3/share/dis_tutorial3//launch/robot_description.launch.py\n'}
[0.040170] (dis_tutorial3) StdoutLine: {'line': b'-- Up-to-date symlink: /home/puhster/Desktop/RINS_task2/install/dis_tutorial3/share/dis_tutorial3//launch/sim.launch.py\n'}
[0.040196] (dis_tutorial3) StdoutLine: {'line': b'-- Up-to-date symlink: /home/puhster/Desktop/RINS_task2/install/dis_tutorial3/share/dis_tutorial3//launch/sim_turtlebot_nav.launch.py\n'}
[0.040230] (dis_tutorial3) StdoutLine: {'line': b'-- Up-to-date symlink: /home/puhster/Desktop/RINS_task2/install/dis_tutorial3/share/dis_tutorial3//launch/sim_turtlebot_slam.launch.py\n'}
[0.040255] (dis_tutorial3) StdoutLine: {'line': b'-- Up-to-date symlink: /home/puhster/Desktop/RINS_task2/install/dis_tutorial3/share/dis_tutorial3//launch/slam.launch.py\n'}
[0.040299] (dis_tutorial3) StdoutLine: {'line': b'-- Up-to-date symlink: /home/puhster/Desktop/RINS_task2/install/dis_tutorial3/share/dis_tutorial3//launch/turtlebot4_spawn.launch.py\n'}
[0.040366] (dis_tutorial3) StdoutLine: {'line': b'-- Up-to-date symlink: /home/puhster/Desktop/RINS_task2/install/dis_tutorial3/share/dis_tutorial3//config/laser_filter_chain.yaml\n'}
[0.040410] (dis_tutorial3) StdoutLine: {'line': b'-- Up-to-date symlink: /home/puhster/Desktop/RINS_task2/install/dis_tutorial3/share/dis_tutorial3//config/localization.yaml\n'}
[0.040446] (dis_tutorial3) StdoutLine: {'line': b'-- Up-to-date symlink: /home/puhster/Desktop/RINS_task2/install/dis_tutorial3/share/dis_tutorial3//config/nav2.yaml\n'}
[0.040486] (dis_tutorial3) StdoutLine: {'line': b'-- Up-to-date symlink: /home/puhster/Desktop/RINS_task2/install/dis_tutorial3/share/dis_tutorial3//config/slam.yaml\n'}
[0.042221] (dis_tutorial3) StdoutLine: {'line': b'-- Up-to-date symlink: /home/puhster/Desktop/RINS_task2/install/dis_tutorial3/share/dis_tutorial3//worlds/2024/task2_demo1.sdf\n'}
[0.042275] (dis_tutorial3) StdoutLine: {'line': b'-- Up-to-date symlink: /home/puhster/Desktop/RINS_task2/install/dis_tutorial3/share/dis_tutorial3//worlds/2024/task2_demo1_meshes/cylinders.jpg\n'}
[0.042327] (dis_tutorial3) StdoutLine: {'line': b'-- Up-to-date symlink: /home/puhster/Desktop/RINS_task2/install/dis_tutorial3/share/dis_tutorial3//worlds/2024/task2_demo1_meshes/fakering1.jpg\n'}
[0.042354] (dis_tutorial3) StdoutLine: {'line': b'-- Up-to-date symlink: /home/puhster/Desktop/RINS_task2/install/dis_tutorial3/share/dis_tutorial3//worlds/2024/task2_demo1_meshes/fakering2.jpg\n'}
[0.042390] (dis_tutorial3) StdoutLine: {'line': b'-- Up-to-date symlink: /home/puhster/Desktop/RINS_task2/install/dis_tutorial3/share/dis_tutorial3//worlds/2024/task2_demo1_meshes/fakering3.jpg\n'}
[0.042435] (dis_tutorial3) StdoutLine: {'line': b'-- Up-to-date symlink: /home/puhster/Desktop/RINS_task2/install/dis_tutorial3/share/dis_tutorial3//worlds/2024/task2_demo1_meshes/ground.jpg\n'}
[0.042461] (dis_tutorial3) StdoutLine: {'line': b'-- Up-to-date symlink: /home/puhster/Desktop/RINS_task2/install/dis_tutorial3/share/dis_tutorial3//worlds/2024/task2_demo1_meshes/map.dae\n'}
[0.042498] (dis_tutorial3) StdoutLine: {'line': b'-- Up-to-date symlink: /home/puhster/Desktop/RINS_task2/install/dis_tutorial3/share/dis_tutorial3//worlds/2024/task2_demo1_meshes/map_colliders.dae\n'}
[0.042533] (dis_tutorial3) StdoutLine: {'line': b'-- Up-to-date symlink: /home/puhster/Desktop/RINS_task2/install/dis_tutorial3/share/dis_tutorial3//worlds/2024/task2_demo1_meshes/objects.jpg\n'}
[0.042569] (dis_tutorial3) StdoutLine: {'line': b'-- Up-to-date symlink: /home/puhster/Desktop/RINS_task2/install/dis_tutorial3/share/dis_tutorial3//worlds/2024/task2_demo1_meshes/parking_space.jpg\n'}
[0.042613] (dis_tutorial3) StdoutLine: {'line': b'-- Up-to-date symlink: /home/puhster/Desktop/RINS_task2/install/dis_tutorial3/share/dis_tutorial3//worlds/2024/task2_demo2.sdf\n'}
[0.042639] (dis_tutorial3) StdoutLine: {'line': b'-- Up-to-date symlink: /home/puhster/Desktop/RINS_task2/install/dis_tutorial3/share/dis_tutorial3//worlds/2024/task2_demo2_meshes/cylinders.jpg\n'}
[0.042679] (dis_tutorial3) StdoutLine: {'line': b'-- Up-to-date symlink: /home/puhster/Desktop/RINS_task2/install/dis_tutorial3/share/dis_tutorial3//worlds/2024/task2_demo2_meshes/fakering1.jpg\n'}
[0.042705] (dis_tutorial3) StdoutLine: {'line': b'-- Up-to-date symlink: /home/puhster/Desktop/RINS_task2/install/dis_tutorial3/share/dis_tutorial3//worlds/2024/task2_demo2_meshes/fakering2.jpg\n'}
[0.042743] (dis_tutorial3) StdoutLine: {'line': b'-- Up-to-date symlink: /home/puhster/Desktop/RINS_task2/install/dis_tutorial3/share/dis_tutorial3//worlds/2024/task2_demo2_meshes/fakering3.jpg\n'}
[0.042786] (dis_tutorial3) StdoutLine: {'line': b'-- Up-to-date symlink: /home/puhster/Desktop/RINS_task2/install/dis_tutorial3/share/dis_tutorial3//worlds/2024/task2_demo2_meshes/ground.jpg\n'}
[0.042812] (dis_tutorial3) StdoutLine: {'line': b'-- Up-to-date symlink: /home/puhster/Desktop/RINS_task2/install/dis_tutorial3/share/dis_tutorial3//worlds/2024/task2_demo2_meshes/map.dae\n'}
[0.042855] (dis_tutorial3) StdoutLine: {'line': b'-- Up-to-date symlink: /home/puhster/Desktop/RINS_task2/install/dis_tutorial3/share/dis_tutorial3//worlds/2024/task2_demo2_meshes/map_colliders.dae\n'}
[0.042880] (dis_tutorial3) StdoutLine: {'line': b'-- Up-to-date symlink: /home/puhster/Desktop/RINS_task2/install/dis_tutorial3/share/dis_tutorial3//worlds/2024/task2_demo2_meshes/objects.jpg\n'}
[0.042922] (dis_tutorial3) StdoutLine: {'line': b'-- Up-to-date symlink: /home/puhster/Desktop/RINS_task2/install/dis_tutorial3/share/dis_tutorial3//worlds/2024/task2_demo2_meshes/parking_space.jpg\n'}
[0.042948] (dis_tutorial3) StdoutLine: {'line': b'-- Up-to-date symlink: /home/puhster/Desktop/RINS_task2/install/dis_tutorial3/share/dis_tutorial3//worlds/2024/task3.sdf\n'}
[0.042982] (dis_tutorial3) StdoutLine: {'line': b'-- Up-to-date symlink: /home/puhster/Desktop/RINS_task2/install/dis_tutorial3/share/dis_tutorial3//worlds/2024/task3_meshes/anomona_0.png\n'}
[0.043024] (dis_tutorial3) StdoutLine: {'line': b'-- Up-to-date symlink: /home/puhster/Desktop/RINS_task2/install/dis_tutorial3/share/dis_tutorial3//worlds/2024/task3_meshes/anomona_1.png\n'}
[0.043049] (dis_tutorial3) StdoutLine: {'line': b'-- Up-to-date symlink: /home/puhster/Desktop/RINS_task2/install/dis_tutorial3/share/dis_tutorial3//worlds/2024/task3_meshes/anomona_2.png\n'}
[0.043085] (dis_tutorial3) StdoutLine: {'line': b'-- Up-to-date symlink: /home/puhster/Desktop/RINS_task2/install/dis_tutorial3/share/dis_tutorial3//worlds/2024/task3_meshes/anomona_3.png\n'}
[0.043127] (dis_tutorial3) StdoutLine: {'line': b'-- Up-to-date symlink: /home/puhster/Desktop/RINS_task2/install/dis_tutorial3/share/dis_tutorial3//worlds/2024/task3_meshes/anomona_4.png\n'}
[0.043154] (dis_tutorial3) StdoutLine: {'line': b'-- Up-to-date symlink: /home/puhster/Desktop/RINS_task2/install/dis_tutorial3/share/dis_tutorial3//worlds/2024/task3_meshes/cylinders.jpg\n'}
[0.043190] (dis_tutorial3) StdoutLine: {'line': b'-- Up-to-date symlink: /home/puhster/Desktop/RINS_task2/install/dis_tutorial3/share/dis_tutorial3//worlds/2024/task3_meshes/easy_anomona_0.png\n'}
[0.043232] (dis_tutorial3) StdoutLine: {'line': b'-- Up-to-date symlink: /home/puhster/Desktop/RINS_task2/install/dis_tutorial3/share/dis_tutorial3//worlds/2024/task3_meshes/easy_anomona_1.png\n'}
[0.043258] (dis_tutorial3) StdoutLine: {'line': b'-- Up-to-date symlink: /home/puhster/Desktop/RINS_task2/install/dis_tutorial3/share/dis_tutorial3//worlds/2024/task3_meshes/easy_anomona_2.png\n'}
[0.043298] (dis_tutorial3) StdoutLine: {'line': b'-- Up-to-date symlink: /home/puhster/Desktop/RINS_task2/install/dis_tutorial3/share/dis_tutorial3//worlds/2024/task3_meshes/easy_anomona_3.png\n'}
[0.043324] (dis_tutorial3) StdoutLine: {'line': b'-- Up-to-date symlink: /home/puhster/Desktop/RINS_task2/install/dis_tutorial3/share/dis_tutorial3//worlds/2024/task3_meshes/easy_anomona_4.png\n'}
[0.043366] (dis_tutorial3) StdoutLine: {'line': b'-- Up-to-date symlink: /home/puhster/Desktop/RINS_task2/install/dis_tutorial3/share/dis_tutorial3//worlds/2024/task3_meshes/fakering1.jpg\n'}
[0.043394] (dis_tutorial3) StdoutLine: {'line': b'-- Up-to-date symlink: /home/puhster/Desktop/RINS_task2/install/dis_tutorial3/share/dis_tutorial3//worlds/2024/task3_meshes/fakering2.jpg\n'}
[0.043439] (dis_tutorial3) StdoutLine: {'line': b'-- Up-to-date symlink: /home/puhster/Desktop/RINS_task2/install/dis_tutorial3/share/dis_tutorial3//worlds/2024/task3_meshes/fakering3.jpg\n'}
[0.043467] (dis_tutorial3) StdoutLine: {'line': b'-- Up-to-date symlink: /home/puhster/Desktop/RINS_task2/install/dis_tutorial3/share/dis_tutorial3//worlds/2024/task3_meshes/ground.jpg\n'}
[0.043514] (dis_tutorial3) StdoutLine: {'line': b'-- Up-to-date symlink: /home/puhster/Desktop/RINS_task2/install/dis_tutorial3/share/dis_tutorial3//worlds/2024/task3_meshes/map.dae\n'}
[0.043539] (dis_tutorial3) StdoutLine: {'line': b'-- Up-to-date symlink: /home/puhster/Desktop/RINS_task2/install/dis_tutorial3/share/dis_tutorial3//worlds/2024/task3_meshes/map_colliders.dae\n'}
[0.043575] (dis_tutorial3) StdoutLine: {'line': b'-- Up-to-date symlink: /home/puhster/Desktop/RINS_task2/install/dis_tutorial3/share/dis_tutorial3//worlds/2024/task3_meshes/mona.png\n'}
[0.043618] (dis_tutorial3) StdoutLine: {'line': b'-- Up-to-date symlink: /home/puhster/Desktop/RINS_task2/install/dis_tutorial3/share/dis_tutorial3//worlds/2024/task3_meshes/objects.jpg\n'}
[0.043645] (dis_tutorial3) StdoutLine: {'line': b'-- Up-to-date symlink: /home/puhster/Desktop/RINS_task2/install/dis_tutorial3/share/dis_tutorial3//worlds/2024/task3_meshes/parking_space.jpg\n'}
[0.043686] (dis_tutorial3) StdoutLine: {'line': b'-- Up-to-date symlink: /home/puhster/Desktop/RINS_task2/install/dis_tutorial3/share/dis_tutorial3//worlds/2024/task3_meshes/qr_cheat.png\n'}
[0.043711] (dis_tutorial3) StdoutLine: {'line': b'-- Up-to-date symlink: /home/puhster/Desktop/RINS_task2/install/dis_tutorial3/share/dis_tutorial3//worlds/2024/task3_meshes/qr_url.png\n'}
[0.043746] (dis_tutorial3) StdoutLine: {'line': b'-- Up-to-date symlink: /home/puhster/Desktop/RINS_task2/install/dis_tutorial3/share/dis_tutorial3//worlds/2024/task3_meshes/qr_wrong.png\n'}
[0.043788] (dis_tutorial3) StdoutLine: {'line': b'-- Up-to-date symlink: /home/puhster/Desktop/RINS_task2/install/dis_tutorial3/share/dis_tutorial3//worlds/2024/task3_meshes/villager1.png\n'}
[0.043812] (dis_tutorial3) StdoutLine: {'line': b'-- Up-to-date symlink: /home/puhster/Desktop/RINS_task2/install/dis_tutorial3/share/dis_tutorial3//worlds/2024/task3_meshes/villager2.png\n'}
[0.043858] (dis_tutorial3) StdoutLine: {'line': b'-- Up-to-date symlink: /home/puhster/Desktop/RINS_task2/install/dis_tutorial3/share/dis_tutorial3//worlds/2024/task3_meshes/villager3.png\n'}
[0.043883] (dis_tutorial3) StdoutLine: {'line': b'-- Up-to-date symlink: /home/puhster/Desktop/RINS_task2/install/dis_tutorial3/share/dis_tutorial3//worlds/2024/task3_meshes/villager4.png\n'}
[0.043920] (dis_tutorial3) StdoutLine: {'line': b'-- Up-to-date symlink: /home/puhster/Desktop/RINS_task2/install/dis_tutorial3/share/dis_tutorial3//worlds/2024/task3_meshes/villager5.png\n'}
[0.043968] (dis_tutorial3) StdoutLine: {'line': b'-- Up-to-date symlink: /home/puhster/Desktop/RINS_task2/install/dis_tutorial3/share/dis_tutorial3//worlds/2025/bird_demo2.sdf\n'}
[0.043992] (dis_tutorial3) StdoutLine: {'line': b'-- Up-to-date symlink: /home/puhster/Desktop/RINS_task2/install/dis_tutorial3/share/dis_tutorial3//worlds/2025/bird_demo2_meshes/baltimore_oriole.jpg\n'}
[0.044016] (dis_tutorial3) StdoutLine: {'line': b'-- Up-to-date symlink: /home/puhster/Desktop/RINS_task2/install/dis_tutorial3/share/dis_tutorial3//worlds/2025/bird_demo2_meshes/black.jpg\n'}
[0.044054] (dis_tutorial3) StdoutLine: {'line': b'-- Up-to-date symlink: /home/puhster/Desktop/RINS_task2/install/dis_tutorial3/share/dis_tutorial3//worlds/2025/bird_demo2_meshes/blue.jpg\n'}
[0.044095] (dis_tutorial3) StdoutLine: {'line': b'-- Up-to-date symlink: /home/puhster/Desktop/RINS_task2/install/dis_tutorial3/share/dis_tutorial3//worlds/2025/bird_demo2_meshes/blue_jay.jpg\n'}
[0.044126] (dis_tutorial3) StdoutLine: {'line': b'-- Up-to-date symlink: /home/puhster/Desktop/RINS_task2/install/dis_tutorial3/share/dis_tutorial3//worlds/2025/bird_demo2_meshes/dirt2.jpg\n'}
[0.044150] (dis_tutorial3) StdoutLine: {'line': b'-- Up-to-date symlink: /home/puhster/Desktop/RINS_task2/install/dis_tutorial3/share/dis_tutorial3//worlds/2025/bird_demo2_meshes/fakering1.jpg\n'}
[0.044189] (dis_tutorial3) StdoutLine: {'line': b'-- Up-to-date symlink: /home/puhster/Desktop/RINS_task2/install/dis_tutorial3/share/dis_tutorial3//worlds/2025/bird_demo2_meshes/fakering3.jpg\n'}
[0.044214] (dis_tutorial3) StdoutLine: {'line': b'-- Up-to-date symlink: /home/puhster/Desktop/RINS_task2/install/dis_tutorial3/share/dis_tutorial3//worlds/2025/bird_demo2_meshes/grass.jpg\n'}
[0.044257] (dis_tutorial3) StdoutLine: {'line': b'-- Up-to-date symlink: /home/puhster/Desktop/RINS_task2/install/dis_tutorial3/share/dis_tutorial3//worlds/2025/bird_demo2_meshes/green.jpg\n'}
[0.044284] (dis_tutorial3) StdoutLine: {'line': b'-- Up-to-date symlink: /home/puhster/Desktop/RINS_task2/install/dis_tutorial3/share/dis_tutorial3//worlds/2025/bird_demo2_meshes/ground.jpg\n'}
[0.044324] (dis_tutorial3) StdoutLine: {'line': b'-- Up-to-date symlink: /home/puhster/Desktop/RINS_task2/install/dis_tutorial3/share/dis_tutorial3//worlds/2025/bird_demo2_meshes/horned_puffin.jpeg\n'}
[0.044348] (dis_tutorial3) StdoutLine: {'line': b'-- Up-to-date symlink: /home/puhster/Desktop/RINS_task2/install/dis_tutorial3/share/dis_tutorial3//worlds/2025/bird_demo2_meshes/map.dae\n'}
[0.044391] (dis_tutorial3) StdoutLine: {'line': b'-- Up-to-date symlink: /home/puhster/Desktop/RINS_task2/install/dis_tutorial3/share/dis_tutorial3//worlds/2025/bird_demo2_meshes/map_colliders.dae\n'}
[0.044425] (dis_tutorial3) StdoutLine: {'line': b'-- Up-to-date symlink: /home/puhster/Desktop/RINS_task2/install/dis_tutorial3/share/dis_tutorial3//worlds/2025/bird_demo2_meshes/objects.jpg\n'}
[0.044451] (dis_tutorial3) StdoutLine: {'line': b'-- Up-to-date symlink: /home/puhster/Desktop/RINS_task2/install/dis_tutorial3/share/dis_tutorial3//worlds/2025/bird_demo2_meshes/person11.png\n'}
[0.044488] (dis_tutorial3) StdoutLine: {'line': b'-- Up-to-date symlink: /home/puhster/Desktop/RINS_task2/install/dis_tutorial3/share/dis_tutorial3//worlds/2025/bird_demo2_meshes/person17.png\n'}
[0.044529] (dis_tutorial3) StdoutLine: {'line': b'-- Up-to-date symlink: /home/puhster/Desktop/RINS_task2/install/dis_tutorial3/share/dis_tutorial3//worlds/2025/bird_demo2_meshes/person4.png\n'}
[0.044573] (dis_tutorial3) StdoutLine: {'line': b'-- Up-to-date symlink: /home/puhster/Desktop/RINS_task2/install/dis_tutorial3/share/dis_tutorial3//worlds/2025/bird_demo2_meshes/person8.png\n'}
[0.044601] (dis_tutorial3) StdoutLine: {'line': b'-- Up-to-date symlink: /home/puhster/Desktop/RINS_task2/install/dis_tutorial3/share/dis_tutorial3//worlds/2025/bird_demo2_meshes/purple_finch.jpg\n'}
[0.044640] (dis_tutorial3) StdoutLine: {'line': b'-- Up-to-date symlink: /home/puhster/Desktop/RINS_task2/install/dis_tutorial3/share/dis_tutorial3//worlds/2025/bird_demo2_meshes/qr_finch.jpg\n'}
[0.044686] (dis_tutorial3) StdoutLine: {'line': b'-- Up-to-date symlink: /home/puhster/Desktop/RINS_task2/install/dis_tutorial3/share/dis_tutorial3//worlds/2025/bird_demo2_meshes/qr_jay.jpg\n'}
[0.044719] (dis_tutorial3) StdoutLine: {'line': b'-- Up-to-date symlink: /home/puhster/Desktop/RINS_task2/install/dis_tutorial3/share/dis_tutorial3//worlds/2025/bird_demo2_meshes/qr_oriole.jpg\n'}
[0.044743] (dis_tutorial3) StdoutLine: {'line': b'-- Up-to-date symlink: /home/puhster/Desktop/RINS_task2/install/dis_tutorial3/share/dis_tutorial3//worlds/2025/bird_demo2_meshes/qr_puffin.jpg\n'}
[0.044778] (dis_tutorial3) StdoutLine: {'line': b'-- Up-to-date symlink: /home/puhster/Desktop/RINS_task2/install/dis_tutorial3/share/dis_tutorial3//worlds/2025/bird_demo2_meshes/red.jpg\n'}
[0.044820] (dis_tutorial3) StdoutLine: {'line': b'-- Up-to-date symlink: /home/puhster/Desktop/RINS_task2/install/dis_tutorial3/share/dis_tutorial3//worlds/2025/bird_demo2_meshes/water.jpg\n'}
[0.044863] (dis_tutorial3) StdoutLine: {'line': b'-- Up-to-date symlink: /home/puhster/Desktop/RINS_task2/install/dis_tutorial3/share/dis_tutorial3//worlds/2025/bird_demo2_meshes/wood.jpg\n'}
[0.044888] (dis_tutorial3) StdoutLine: {'line': b'-- Up-to-date symlink: /home/puhster/Desktop/RINS_task2/install/dis_tutorial3/share/dis_tutorial3//worlds/2025/bird_demo2_meshes/yellow.jpg\n'}
[0.044932] (dis_tutorial3) StdoutLine: {'line': b'-- Up-to-date symlink: /home/puhster/Desktop/RINS_task2/install/dis_tutorial3/share/dis_tutorial3//worlds/2025/bird_demo3.sdf\n'}
[0.044966] (dis_tutorial3) StdoutLine: {'line': b'-- Up-to-date symlink: /home/puhster/Desktop/RINS_task2/install/dis_tutorial3/share/dis_tutorial3//worlds/2025/bird_demo3_meshes/Great_Grey_Shrike.jpg\n'}
[0.044993] (dis_tutorial3) StdoutLine: {'line': b'-- Up-to-date symlink: /home/puhster/Desktop/RINS_task2/install/dis_tutorial3/share/dis_tutorial3//worlds/2025/bird_demo3_meshes/Laysan_Albatross.jpeg\n'}
[0.045030] (dis_tutorial3) StdoutLine: {'line': b'-- Up-to-date symlink: /home/puhster/Desktop/RINS_task2/install/dis_tutorial3/share/dis_tutorial3//worlds/2025/bird_demo3_meshes/black.jpg\n'}
[0.045075] (dis_tutorial3) StdoutLine: {'line': b'-- Up-to-date symlink: /home/puhster/Desktop/RINS_task2/install/dis_tutorial3/share/dis_tutorial3//worlds/2025/bird_demo3_meshes/blue.jpg\n'}
[0.045102] (dis_tutorial3) StdoutLine: {'line': b'-- Up-to-date symlink: /home/puhster/Desktop/RINS_task2/install/dis_tutorial3/share/dis_tutorial3//worlds/2025/bird_demo3_meshes/dirt2.jpg\n'}
[0.045140] (dis_tutorial3) StdoutLine: {'line': b'-- Up-to-date symlink: /home/puhster/Desktop/RINS_task2/install/dis_tutorial3/share/dis_tutorial3//worlds/2025/bird_demo3_meshes/european_goldfinch.jpg\n'}
[0.045180] (dis_tutorial3) StdoutLine: {'line': b'-- Up-to-date symlink: /home/puhster/Desktop/RINS_task2/install/dis_tutorial3/share/dis_tutorial3//worlds/2025/bird_demo3_meshes/fakering1.jpg\n'}
[0.045226] (dis_tutorial3) StdoutLine: {'line': b'-- Up-to-date symlink: /home/puhster/Desktop/RINS_task2/install/dis_tutorial3/share/dis_tutorial3//worlds/2025/bird_demo3_meshes/fakering3.jpg\n'}
[0.045251] (dis_tutorial3) StdoutLine: {'line': b'-- Up-to-date symlink: /home/puhster/Desktop/RINS_task2/install/dis_tutorial3/share/dis_tutorial3//worlds/2025/bird_demo3_meshes/grass.jpg\n'}
[0.045303] (dis_tutorial3) StdoutLine: {'line': b'-- Up-to-date symlink: /home/puhster/Desktop/RINS_task2/install/dis_tutorial3/share/dis_tutorial3//worlds/2025/bird_demo3_meshes/green.jpg\n'}
[0.045404] (dis_tutorial3) StdoutLine: {'line': b'-- Up-to-date symlink: /home/puhster/Desktop/RINS_task2/install/dis_tutorial3/share/dis_tutorial3//worlds/2025/bird_demo3_meshes/ground.jpg\n'}
[0.045448] (dis_tutorial3) StdoutLine: {'line': b'-- Up-to-date symlink: /home/puhster/Desktop/RINS_task2/install/dis_tutorial3/share/dis_tutorial3//worlds/2025/bird_demo3_meshes/map.dae\n'}
[0.045487] (dis_tutorial3) StdoutLine: {'line': b'-- Up-to-date symlink: /home/puhster/Desktop/RINS_task2/install/dis_tutorial3/share/dis_tutorial3//worlds/2025/bird_demo3_meshes/map_colliders.dae\n'}
[0.045527] (dis_tutorial3) StdoutLine: {'line': b'-- Up-to-date symlink: /home/puhster/Desktop/RINS_task2/install/dis_tutorial3/share/dis_tutorial3//worlds/2025/bird_demo3_meshes/objects.jpg\n'}
[0.045559] (dis_tutorial3) StdoutLine: {'line': b'-- Up-to-date symlink: /home/puhster/Desktop/RINS_task2/install/dis_tutorial3/share/dis_tutorial3//worlds/2025/bird_demo3_meshes/person16.png\n'}
[0.045594] (dis_tutorial3) StdoutLine: {'line': b'-- Up-to-date symlink: /home/puhster/Desktop/RINS_task2/install/dis_tutorial3/share/dis_tutorial3//worlds/2025/bird_demo3_meshes/person18.png\n'}
[0.045627] (dis_tutorial3) StdoutLine: {'line': b'-- Up-to-date symlink: /home/puhster/Desktop/RINS_task2/install/dis_tutorial3/share/dis_tutorial3//worlds/2025/bird_demo3_meshes/person19.png\n'}
[0.045660] (dis_tutorial3) StdoutLine: {'line': b'-- Up-to-date symlink: /home/puhster/Desktop/RINS_task2/install/dis_tutorial3/share/dis_tutorial3//worlds/2025/bird_demo3_meshes/person23.png\n'}
[0.045694] (dis_tutorial3) StdoutLine: {'line': b'-- Up-to-date symlink: /home/puhster/Desktop/RINS_task2/install/dis_tutorial3/share/dis_tutorial3//worlds/2025/bird_demo3_meshes/qr_albatross.jpg\n'}
[0.045728] (dis_tutorial3) StdoutLine: {'line': b'-- Up-to-date symlink: /home/puhster/Desktop/RINS_task2/install/dis_tutorial3/share/dis_tutorial3//worlds/2025/bird_demo3_meshes/qr_finch.jpg\n'}
[0.045768] (dis_tutorial3) StdoutLine: {'line': b'-- Up-to-date symlink: /home/puhster/Desktop/RINS_task2/install/dis_tutorial3/share/dis_tutorial3//worlds/2025/bird_demo3_meshes/qr_flycatcher.jpg\n'}
[0.045801] (dis_tutorial3) StdoutLine: {'line': b'-- Up-to-date symlink: /home/puhster/Desktop/RINS_task2/install/dis_tutorial3/share/dis_tutorial3//worlds/2025/bird_demo3_meshes/qr_shrike.jpg\n'}
[0.045841] (dis_tutorial3) StdoutLine: {'line': b'-- Up-to-date symlink: /home/puhster/Desktop/RINS_task2/install/dis_tutorial3/share/dis_tutorial3//worlds/2025/bird_demo3_meshes/red.jpg\n'}
[0.045879] (dis_tutorial3) StdoutLine: {'line': b'-- Up-to-date symlink: /home/puhster/Desktop/RINS_task2/install/dis_tutorial3/share/dis_tutorial3//worlds/2025/bird_demo3_meshes/vermilion_flycatcher.jpg\n'}
[0.045919] (dis_tutorial3) StdoutLine: {'line': b'-- Up-to-date symlink: /home/puhster/Desktop/RINS_task2/install/dis_tutorial3/share/dis_tutorial3//worlds/2025/bird_demo3_meshes/water.jpg\n'}
[0.045966] (dis_tutorial3) StdoutLine: {'line': b'-- Up-to-date symlink: /home/puhster/Desktop/RINS_task2/install/dis_tutorial3/share/dis_tutorial3//worlds/2025/bird_demo3_meshes/wood.jpg\n'}
[0.046007] (dis_tutorial3) StdoutLine: {'line': b'-- Up-to-date symlink: /home/puhster/Desktop/RINS_task2/install/dis_tutorial3/share/dis_tutorial3//worlds/2025/bird_demo3_meshes/yellow.jpg\n'}
[0.046047] (dis_tutorial3) StdoutLine: {'line': b'-- Up-to-date symlink: /home/puhster/Desktop/RINS_task2/install/dis_tutorial3/share/dis_tutorial3//worlds/2025/demo1.sdf\n'}
[0.046086] (dis_tutorial3) StdoutLine: {'line': b'-- Up-to-date symlink: /home/puhster/Desktop/RINS_task2/install/dis_tutorial3/share/dis_tutorial3//worlds/2025/demo1_meshes/cylinders.jpg\n'}
[0.046120] (dis_tutorial3) StdoutLine: {'line': b'-- Up-to-date symlink: /home/puhster/Desktop/RINS_task2/install/dis_tutorial3/share/dis_tutorial3//worlds/2025/demo1_meshes/fakering1.jpg\n'}
[0.046155] (dis_tutorial3) StdoutLine: {'line': b'-- Up-to-date symlink: /home/puhster/Desktop/RINS_task2/install/dis_tutorial3/share/dis_tutorial3//worlds/2025/demo1_meshes/fakering2.jpg\n'}
[0.046188] (dis_tutorial3) StdoutLine: {'line': b'-- Up-to-date symlink: /home/puhster/Desktop/RINS_task2/install/dis_tutorial3/share/dis_tutorial3//worlds/2025/demo1_meshes/fakering3.jpg\n'}
[0.046223] (dis_tutorial3) StdoutLine: {'line': b'-- Up-to-date symlink: /home/puhster/Desktop/RINS_task2/install/dis_tutorial3/share/dis_tutorial3//worlds/2025/demo1_meshes/ground.jpg\n'}
[0.046265] (dis_tutorial3) StdoutLine: {'line': b'-- Up-to-date symlink: /home/puhster/Desktop/RINS_task2/install/dis_tutorial3/share/dis_tutorial3//worlds/2025/demo1_meshes/map.dae\n'}
[0.046302] (dis_tutorial3) StdoutLine: {'line': b'-- Up-to-date symlink: /home/puhster/Desktop/RINS_task2/install/dis_tutorial3/share/dis_tutorial3//worlds/2025/demo1_meshes/map_colliders.dae\n'}
[0.046339] (dis_tutorial3) StdoutLine: {'line': b'-- Up-to-date symlink: /home/puhster/Desktop/RINS_task2/install/dis_tutorial3/share/dis_tutorial3//worlds/2025/demo1_meshes/objects.jpg\n'}
[0.046378] (dis_tutorial3) StdoutLine: {'line': b'-- Up-to-date symlink: /home/puhster/Desktop/RINS_task2/install/dis_tutorial3/share/dis_tutorial3//worlds/2025/demo1_meshes/parking_space.jpg\n'}
[0.046418] (dis_tutorial3) StdoutLine: {'line': b'-- Up-to-date symlink: /home/puhster/Desktop/RINS_task2/install/dis_tutorial3/share/dis_tutorial3//worlds/2025/demo1_meshes/person1.png\n'}
[0.046456] (dis_tutorial3) StdoutLine: {'line': b'-- Up-to-date symlink: /home/puhster/Desktop/RINS_task2/install/dis_tutorial3/share/dis_tutorial3//worlds/2025/demo1_meshes/person11.png\n'}
[0.046493] (dis_tutorial3) StdoutLine: {'line': b'-- Up-to-date symlink: /home/puhster/Desktop/RINS_task2/install/dis_tutorial3/share/dis_tutorial3//worlds/2025/demo1_meshes/person2.png\n'}
[0.046530] (dis_tutorial3) StdoutLine: {'line': b'-- Up-to-date symlink: /home/puhster/Desktop/RINS_task2/install/dis_tutorial3/share/dis_tutorial3//worlds/2025/demo1_meshes/person3.png\n'}
[0.046566] (dis_tutorial3) StdoutLine: {'line': b'-- Up-to-date symlink: /home/puhster/Desktop/RINS_task2/install/dis_tutorial3/share/dis_tutorial3//worlds/2025/demo1_meshes/person4.png\n'}
[0.046601] (dis_tutorial3) StdoutLine: {'line': b'-- Up-to-date symlink: /home/puhster/Desktop/RINS_task2/install/dis_tutorial3/share/dis_tutorial3//worlds/2025/demo1_meshes/person5.png\n'}
[0.046638] (dis_tutorial3) StdoutLine: {'line': b'-- Up-to-date symlink: /home/puhster/Desktop/RINS_task2/install/dis_tutorial3/share/dis_tutorial3//worlds/2025/demo1_meshes/qr1.jpg\n'}
[0.046669] (dis_tutorial3) StdoutLine: {'line': b'-- Up-to-date symlink: /home/puhster/Desktop/RINS_task2/install/dis_tutorial3/share/dis_tutorial3//worlds/2025/demo1_meshes/qr2.jpg\n'}
[0.046704] (dis_tutorial3) StdoutLine: {'line': b'-- Up-to-date symlink: /home/puhster/Desktop/RINS_task2/install/dis_tutorial3/share/dis_tutorial3//worlds/2025/demo2.sdf\n'}
[0.046735] (dis_tutorial3) StdoutLine: {'line': b'-- Up-to-date symlink: /home/puhster/Desktop/RINS_task2/install/dis_tutorial3/share/dis_tutorial3//worlds/2025/demo2_meshes/cylinders.jpg\n'}
[0.046769] (dis_tutorial3) StdoutLine: {'line': b'-- Up-to-date symlink: /home/puhster/Desktop/RINS_task2/install/dis_tutorial3/share/dis_tutorial3//worlds/2025/demo2_meshes/fakering1.jpg\n'}
[0.046806] (dis_tutorial3) StdoutLine: {'line': b'-- Up-to-date symlink: /home/puhster/Desktop/RINS_task2/install/dis_tutorial3/share/dis_tutorial3//worlds/2025/demo2_meshes/fakering2.jpg\n'}
[0.046842] (dis_tutorial3) StdoutLine: {'line': b'-- Up-to-date symlink: /home/puhster/Desktop/RINS_task2/install/dis_tutorial3/share/dis_tutorial3//worlds/2025/demo2_meshes/fakering3.jpg\n'}
[0.046879] (dis_tutorial3) StdoutLine: {'line': b'-- Up-to-date symlink: /home/puhster/Desktop/RINS_task2/install/dis_tutorial3/share/dis_tutorial3//worlds/2025/demo2_meshes/ground.jpg\n'}
[0.046910] (dis_tutorial3) StdoutLine: {'line': b'-- Up-to-date symlink: /home/puhster/Desktop/RINS_task2/install/dis_tutorial3/share/dis_tutorial3//worlds/2025/demo2_meshes/map.dae\n'}
[0.046945] (dis_tutorial3) StdoutLine: {'line': b'-- Up-to-date symlink: /home/puhster/Desktop/RINS_task2/install/dis_tutorial3/share/dis_tutorial3//worlds/2025/demo2_meshes/map_colliders.dae\n'}
[0.046977] (dis_tutorial3) StdoutLine: {'line': b'-- Up-to-date symlink: /home/puhster/Desktop/RINS_task2/install/dis_tutorial3/share/dis_tutorial3//worlds/2025/demo2_meshes/objects.jpg\n'}
[0.047017] (dis_tutorial3) StdoutLine: {'line': b'-- Up-to-date symlink: /home/puhster/Desktop/RINS_task2/install/dis_tutorial3/share/dis_tutorial3//worlds/2025/demo2_meshes/parking_space.jpg\n'}
[0.047040] (dis_tutorial3) StdoutLine: {'line': b'-- Up-to-date symlink: /home/puhster/Desktop/RINS_task2/install/dis_tutorial3/share/dis_tutorial3//worlds/2025/demo2_meshes/person18.png\n'}
[0.047073] (dis_tutorial3) StdoutLine: {'line': b'-- Up-to-date symlink: /home/puhster/Desktop/RINS_task2/install/dis_tutorial3/share/dis_tutorial3//worlds/2025/demo2_meshes/person20.png\n'}
[0.047109] (dis_tutorial3) StdoutLine: {'line': b'-- Up-to-date symlink: /home/puhster/Desktop/RINS_task2/install/dis_tutorial3/share/dis_tutorial3//worlds/2025/demo2_meshes/person6.png\n'}
[0.047139] (dis_tutorial3) StdoutLine: {'line': b'-- Up-to-date symlink: /home/puhster/Desktop/RINS_task2/install/dis_tutorial3/share/dis_tutorial3//worlds/2025/demo2_meshes/person7.png\n'}
[0.047175] (dis_tutorial3) StdoutLine: {'line': b'-- Up-to-date symlink: /home/puhster/Desktop/RINS_task2/install/dis_tutorial3/share/dis_tutorial3//worlds/2025/demo2_meshes/person8.png\n'}
[0.047216] (dis_tutorial3) StdoutLine: {'line': b'-- Up-to-date symlink: /home/puhster/Desktop/RINS_task2/install/dis_tutorial3/share/dis_tutorial3//worlds/2025/demo2_meshes/person9.png\n'}
[0.047242] (dis_tutorial3) StdoutLine: {'line': b'-- Up-to-date symlink: /home/puhster/Desktop/RINS_task2/install/dis_tutorial3/share/dis_tutorial3//worlds/2025/demo2_meshes/qr1.jpg\n'}
[0.047291] (dis_tutorial3) StdoutLine: {'line': b'-- Up-to-date symlink: /home/puhster/Desktop/RINS_task2/install/dis_tutorial3/share/dis_tutorial3//worlds/2025/demo2_meshes/qr2.jpg\n'}
[0.047322] (dis_tutorial3) StdoutLine: {'line': b'-- Up-to-date symlink: /home/puhster/Desktop/RINS_task2/install/dis_tutorial3/share/dis_tutorial3//worlds/2025/demo3.sdf\n'}
[0.047357] (dis_tutorial3) StdoutLine: {'line': b'-- Up-to-date symlink: /home/puhster/Desktop/RINS_task2/install/dis_tutorial3/share/dis_tutorial3//worlds/2025/demo3_meshes/black.jpg\n'}
[0.047403] (dis_tutorial3) StdoutLine: {'line': b'-- Up-to-date symlink: /home/puhster/Desktop/RINS_task2/install/dis_tutorial3/share/dis_tutorial3//worlds/2025/demo3_meshes/blue.jpg\n'}
[0.047430] (dis_tutorial3) StdoutLine: {'line': b'-- Up-to-date symlink: /home/puhster/Desktop/RINS_task2/install/dis_tutorial3/share/dis_tutorial3//worlds/2025/demo3_meshes/fakering1.jpg\n'}
[0.047478] (dis_tutorial3) StdoutLine: {'line': b'-- Up-to-date symlink: /home/puhster/Desktop/RINS_task2/install/dis_tutorial3/share/dis_tutorial3//worlds/2025/demo3_meshes/fakering2.jpg\n'}
[0.047506] (dis_tutorial3) StdoutLine: {'line': b'-- Up-to-date symlink: /home/puhster/Desktop/RINS_task2/install/dis_tutorial3/share/dis_tutorial3//worlds/2025/demo3_meshes/fakering3.jpg\n'}
[0.047545] (dis_tutorial3) StdoutLine: {'line': b'-- Up-to-date symlink: /home/puhster/Desktop/RINS_task2/install/dis_tutorial3/share/dis_tutorial3//worlds/2025/demo3_meshes/green.jpg\n'}
[0.047591] (dis_tutorial3) StdoutLine: {'line': b'-- Up-to-date symlink: /home/puhster/Desktop/RINS_task2/install/dis_tutorial3/share/dis_tutorial3//worlds/2025/demo3_meshes/ground.jpg\n'}
[0.047619] (dis_tutorial3) StdoutLine: {'line': b'-- Up-to-date symlink: /home/puhster/Desktop/RINS_task2/install/dis_tutorial3/share/dis_tutorial3//worlds/2025/demo3_meshes/map.dae\n'}
[0.047662] (dis_tutorial3) StdoutLine: {'line': b'-- Up-to-date symlink: /home/puhster/Desktop/RINS_task2/install/dis_tutorial3/share/dis_tutorial3//worlds/2025/demo3_meshes/map_colliders.dae\n'}
[0.047685] (dis_tutorial3) StdoutLine: {'line': b'-- Up-to-date symlink: /home/puhster/Desktop/RINS_task2/install/dis_tutorial3/share/dis_tutorial3//worlds/2025/demo3_meshes/objects.jpg\n'}
[0.047720] (dis_tutorial3) StdoutLine: {'line': b'-- Up-to-date symlink: /home/puhster/Desktop/RINS_task2/install/dis_tutorial3/share/dis_tutorial3//worlds/2025/demo3_meshes/parking_space.jpg\n'}
[0.047756] (dis_tutorial3) StdoutLine: {'line': b'-- Up-to-date symlink: /home/puhster/Desktop/RINS_task2/install/dis_tutorial3/share/dis_tutorial3//worlds/2025/demo3_meshes/person15.png\n'}
[0.047797] (dis_tutorial3) StdoutLine: {'line': b'-- Up-to-date symlink: /home/puhster/Desktop/RINS_task2/install/dis_tutorial3/share/dis_tutorial3//worlds/2025/demo3_meshes/person17.png\n'}
[0.047822] (dis_tutorial3) StdoutLine: {'line': b'-- Up-to-date symlink: /home/puhster/Desktop/RINS_task2/install/dis_tutorial3/share/dis_tutorial3//worlds/2025/demo3_meshes/person21.png\n'}
[0.047857] (dis_tutorial3) StdoutLine: {'line': b'-- Up-to-date symlink: /home/puhster/Desktop/RINS_task2/install/dis_tutorial3/share/dis_tutorial3//worlds/2025/demo3_meshes/person22.png\n'}
[0.047893] (dis_tutorial3) StdoutLine: {'line': b'-- Up-to-date symlink: /home/puhster/Desktop/RINS_task2/install/dis_tutorial3/share/dis_tutorial3//worlds/2025/demo3_meshes/person24.png\n'}
[0.047930] (dis_tutorial3) StdoutLine: {'line': b'-- Up-to-date symlink: /home/puhster/Desktop/RINS_task2/install/dis_tutorial3/share/dis_tutorial3//worlds/2025/demo3_meshes/qr1.jpg\n'}
[0.047976] (dis_tutorial3) StdoutLine: {'line': b'-- Up-to-date symlink: /home/puhster/Desktop/RINS_task2/install/dis_tutorial3/share/dis_tutorial3//worlds/2025/demo3_meshes/qr2.jpg\n'}
[0.047999] (dis_tutorial3) StdoutLine: {'line': b'-- Up-to-date symlink: /home/puhster/Desktop/RINS_task2/install/dis_tutorial3/share/dis_tutorial3//worlds/2025/demo3_meshes/red.jpg\n'}
[0.048022] (dis_tutorial3) StdoutLine: {'line': b'-- Up-to-date symlink: /home/puhster/Desktop/RINS_task2/install/dis_tutorial3/share/dis_tutorial3//worlds/2025/demo3_meshes/yellow.jpg\n'}
[0.048062] (dis_tutorial3) StdoutLine: {'line': b'-- Up-to-date symlink: /home/puhster/Desktop/RINS_task2/install/dis_tutorial3/share/dis_tutorial3//worlds/2025/demo4.sdf\n'}
[0.048086] (dis_tutorial3) StdoutLine: {'line': b'-- Up-to-date symlink: /home/puhster/Desktop/RINS_task2/install/dis_tutorial3/share/dis_tutorial3//worlds/2025/demo4_meshes/black.jpg\n'}
[0.048129] (dis_tutorial3) StdoutLine: {'line': b'-- Up-to-date symlink: /home/puhster/Desktop/RINS_task2/install/dis_tutorial3/share/dis_tutorial3//worlds/2025/demo4_meshes/blue.jpg\n'}
[0.048157] (dis_tutorial3) StdoutLine: {'line': b'-- Up-to-date symlink: /home/puhster/Desktop/RINS_task2/install/dis_tutorial3/share/dis_tutorial3//worlds/2025/demo4_meshes/fakering1.jpg\n'}
[0.048193] (dis_tutorial3) StdoutLine: {'line': b'-- Up-to-date symlink: /home/puhster/Desktop/RINS_task2/install/dis_tutorial3/share/dis_tutorial3//worlds/2025/demo4_meshes/fakering2.jpg\n'}
[0.048241] (dis_tutorial3) StdoutLine: {'line': b'-- Up-to-date symlink: /home/puhster/Desktop/RINS_task2/install/dis_tutorial3/share/dis_tutorial3//worlds/2025/demo4_meshes/fakering3.jpg\n'}
[0.048269] (dis_tutorial3) StdoutLine: {'line': b'-- Up-to-date symlink: /home/puhster/Desktop/RINS_task2/install/dis_tutorial3/share/dis_tutorial3//worlds/2025/demo4_meshes/green.jpg\n'}
[0.048313] (dis_tutorial3) StdoutLine: {'line': b'-- Up-to-date symlink: /home/puhster/Desktop/RINS_task2/install/dis_tutorial3/share/dis_tutorial3//worlds/2025/demo4_meshes/ground.jpg\n'}
[0.048341] (dis_tutorial3) StdoutLine: {'line': b'-- Up-to-date symlink: /home/puhster/Desktop/RINS_task2/install/dis_tutorial3/share/dis_tutorial3//worlds/2025/demo4_meshes/map.dae\n'}
[0.048385] (dis_tutorial3) StdoutLine: {'line': b'-- Up-to-date symlink: /home/puhster/Desktop/RINS_task2/install/dis_tutorial3/share/dis_tutorial3//worlds/2025/demo4_meshes/map_colliders.dae\n'}
[0.048420] (dis_tutorial3) StdoutLine: {'line': b'-- Up-to-date symlink: /home/puhster/Desktop/RINS_task2/install/dis_tutorial3/share/dis_tutorial3//worlds/2025/demo4_meshes/objects.jpg\n'}
[0.048445] (dis_tutorial3) StdoutLine: {'line': b'-- Up-to-date symlink: /home/puhster/Desktop/RINS_task2/install/dis_tutorial3/share/dis_tutorial3//worlds/2025/demo4_meshes/parking_space.jpg\n'}
[0.048488] (dis_tutorial3) StdoutLine: {'line': b'-- Up-to-date symlink: /home/puhster/Desktop/RINS_task2/install/dis_tutorial3/share/dis_tutorial3//worlds/2025/demo4_meshes/person13.png\n'}
[0.048523] (dis_tutorial3) StdoutLine: {'line': b'-- Up-to-date symlink: /home/puhster/Desktop/RINS_task2/install/dis_tutorial3/share/dis_tutorial3//worlds/2025/demo4_meshes/person2.png.001.png\n'}
[0.048548] (dis_tutorial3) StdoutLine: {'line': b'-- Up-to-date symlink: /home/puhster/Desktop/RINS_task2/install/dis_tutorial3/share/dis_tutorial3//worlds/2025/demo4_meshes/person3.png.001.png\n'}
[0.048592] (dis_tutorial3) StdoutLine: {'line': b'-- Up-to-date symlink: /home/puhster/Desktop/RINS_task2/install/dis_tutorial3/share/dis_tutorial3//worlds/2025/demo4_meshes/person4.png.001.png\n'}
[0.048617] (dis_tutorial3) StdoutLine: {'line': b'-- Up-to-date symlink: /home/puhster/Desktop/RINS_task2/install/dis_tutorial3/share/dis_tutorial3//worlds/2025/demo4_meshes/person5.png.001.png\n'}
[0.048656] (dis_tutorial3) StdoutLine: {'line': b'-- Up-to-date symlink: /home/puhster/Desktop/RINS_task2/install/dis_tutorial3/share/dis_tutorial3//worlds/2025/demo4_meshes/person6.png\n'}
[0.048701] (dis_tutorial3) StdoutLine: {'line': b'-- Up-to-date symlink: /home/puhster/Desktop/RINS_task2/install/dis_tutorial3/share/dis_tutorial3//worlds/2025/demo4_meshes/qr1.jpg\n'}
[0.048727] (dis_tutorial3) StdoutLine: {'line': b'-- Up-to-date symlink: /home/puhster/Desktop/RINS_task2/install/dis_tutorial3/share/dis_tutorial3//worlds/2025/demo4_meshes/qr2.jpg\n'}
[0.048765] (dis_tutorial3) StdoutLine: {'line': b'-- Up-to-date symlink: /home/puhster/Desktop/RINS_task2/install/dis_tutorial3/share/dis_tutorial3//worlds/2025/demo4_meshes/red.jpg\n'}
[0.048810] (dis_tutorial3) StdoutLine: {'line': b'-- Up-to-date symlink: /home/puhster/Desktop/RINS_task2/install/dis_tutorial3/share/dis_tutorial3//worlds/2025/demo4_meshes/yellow.jpg\n'}
[0.048837] (dis_tutorial3) StdoutLine: {'line': b'-- Up-to-date symlink: /home/puhster/Desktop/RINS_task2/install/dis_tutorial3/share/dis_tutorial3//worlds/2025/dis.sdf\n'}
[0.048875] (dis_tutorial3) StdoutLine: {'line': b'-- Up-to-date symlink: /home/puhster/Desktop/RINS_task2/install/dis_tutorial3/share/dis_tutorial3//worlds/2025/dis_meshes/cylinders.jpg\n'}
[0.048915] (dis_tutorial3) StdoutLine: {'line': b'-- Up-to-date symlink: /home/puhster/Desktop/RINS_task2/install/dis_tutorial3/share/dis_tutorial3//worlds/2025/dis_meshes/davinci.jpg\n'}
[0.048954] (dis_tutorial3) StdoutLine: {'line': b'-- Up-to-date symlink: /home/puhster/Desktop/RINS_task2/install/dis_tutorial3/share/dis_tutorial3//worlds/2025/dis_meshes/fakering1.jpg\n'}
[0.048996] (dis_tutorial3) StdoutLine: {'line': b'-- Up-to-date symlink: /home/puhster/Desktop/RINS_task2/install/dis_tutorial3/share/dis_tutorial3//worlds/2025/dis_meshes/fakering2.jpg\n'}
[0.049020] (dis_tutorial3) StdoutLine: {'line': b'-- Up-to-date symlink: /home/puhster/Desktop/RINS_task2/install/dis_tutorial3/share/dis_tutorial3//worlds/2025/dis_meshes/fakering3.jpg\n'}
[0.049055] (dis_tutorial3) StdoutLine: {'line': b'-- Up-to-date symlink: /home/puhster/Desktop/RINS_task2/install/dis_tutorial3/share/dis_tutorial3//worlds/2025/dis_meshes/ground.jpg\n'}
[0.049092] (dis_tutorial3) StdoutLine: {'line': b'-- Up-to-date symlink: /home/puhster/Desktop/RINS_task2/install/dis_tutorial3/share/dis_tutorial3//worlds/2025/dis_meshes/map.dae\n'}
[0.049130] (dis_tutorial3) StdoutLine: {'line': b'-- Up-to-date symlink: /home/puhster/Desktop/RINS_task2/install/dis_tutorial3/share/dis_tutorial3//worlds/2025/dis_meshes/map_colliders.dae\n'}
[0.049172] (dis_tutorial3) StdoutLine: {'line': b'-- Up-to-date symlink: /home/puhster/Desktop/RINS_task2/install/dis_tutorial3/share/dis_tutorial3//worlds/2025/dis_meshes/mona1.jpg\n'}
[0.049197] (dis_tutorial3) StdoutLine: {'line': b'-- Up-to-date symlink: /home/puhster/Desktop/RINS_task2/install/dis_tutorial3/share/dis_tutorial3//worlds/2025/dis_meshes/objects.jpg\n'}
[0.049242] (dis_tutorial3) StdoutLine: {'line': b'-- Up-to-date symlink: /home/puhster/Desktop/RINS_task2/install/dis_tutorial3/share/dis_tutorial3//worlds/2025/dis_meshes/parking_space.jpg\n'}
[0.049268] (dis_tutorial3) StdoutLine: {'line': b'-- Up-to-date symlink: /home/puhster/Desktop/RINS_task2/install/dis_tutorial3/share/dis_tutorial3//worlds/2025/dis_meshes/person1.jpg\n'}
[0.049304] (dis_tutorial3) StdoutLine: {'line': b'-- Up-to-date symlink: /home/puhster/Desktop/RINS_task2/install/dis_tutorial3/share/dis_tutorial3//worlds/2025/dis_meshes/person2.jpg\n'}
[0.049339] (dis_tutorial3) StdoutLine: {'line': b'-- Up-to-date symlink: /home/puhster/Desktop/RINS_task2/install/dis_tutorial3/share/dis_tutorial3//worlds/2025/dis_meshes/person3.jpg\n'}
[0.049380] (dis_tutorial3) StdoutLine: {'line': b'-- Up-to-date symlink: /home/puhster/Desktop/RINS_task2/install/dis_tutorial3/share/dis_tutorial3//worlds/2025/dis_meshes/person4.jpg\n'}
[0.049424] (dis_tutorial3) StdoutLine: {'line': b'-- Up-to-date symlink: /home/puhster/Desktop/RINS_task2/install/dis_tutorial3/share/dis_tutorial3//worlds/2025/dis_meshes/person5.jpg\n'}
[0.049450] (dis_tutorial3) StdoutLine: {'line': b'-- Up-to-date symlink: /home/puhster/Desktop/RINS_task2/install/dis_tutorial3/share/dis_tutorial3//worlds/2025/dis_meshes/qr1.jpg\n'}
[0.049495] (dis_tutorial3) StdoutLine: {'line': b'-- Up-to-date symlink: /home/puhster/Desktop/RINS_task2/install/dis_tutorial3/share/dis_tutorial3//worlds/2025/dis_meshes/qr2.jpg\n'}
[0.049518] (dis_tutorial3) StdoutLine: {'line': b'-- Up-to-date symlink: /home/puhster/Desktop/RINS_task2/install/dis_tutorial3/share/dis_tutorial3//worlds/2025/dis_meshes/wood.jpg\n'}
[0.049559] (dis_tutorial3) StdoutLine: {'line': b'-- Up-to-date symlink: /home/puhster/Desktop/RINS_task2/install/dis_tutorial3/share/dis_tutorial3//worlds/2025/empty.sdf\n'}
[0.049582] (dis_tutorial3) StdoutLine: {'line': b'-- Up-to-date symlink: /home/puhster/Desktop/RINS_task2/install/dis_tutorial3/share/dis_tutorial3//worlds/2025/task1.sdf\n'}
[0.049618] (dis_tutorial3) StdoutLine: {'line': b'-- Up-to-date symlink: /home/puhster/Desktop/RINS_task2/install/dis_tutorial3/share/dis_tutorial3//worlds/2025/task1_meshes/black.jpg\n'}
[0.049654] (dis_tutorial3) StdoutLine: {'line': b'-- Up-to-date symlink: /home/puhster/Desktop/RINS_task2/install/dis_tutorial3/share/dis_tutorial3//worlds/2025/task1_meshes/blue.jpg\n'}
[0.049695] (dis_tutorial3) StdoutLine: {'line': b'-- Up-to-date symlink: /home/puhster/Desktop/RINS_task2/install/dis_tutorial3/share/dis_tutorial3//worlds/2025/task1_meshes/fakering1.jpg\n'}
[0.049719] (dis_tutorial3) StdoutLine: {'line': b'-- Up-to-date symlink: /home/puhster/Desktop/RINS_task2/install/dis_tutorial3/share/dis_tutorial3//worlds/2025/task1_meshes/fakering2.jpg\n'}
[0.049762] (dis_tutorial3) StdoutLine: {'line': b'-- Up-to-date symlink: /home/puhster/Desktop/RINS_task2/install/dis_tutorial3/share/dis_tutorial3//worlds/2025/task1_meshes/fakering3.jpg\n'}
[0.049786] (dis_tutorial3) StdoutLine: {'line': b'-- Up-to-date symlink: /home/puhster/Desktop/RINS_task2/install/dis_tutorial3/share/dis_tutorial3//worlds/2025/task1_meshes/green.jpg\n'}
[0.049827] (dis_tutorial3) StdoutLine: {'line': b'-- Up-to-date symlink: /home/puhster/Desktop/RINS_task2/install/dis_tutorial3/share/dis_tutorial3//worlds/2025/task1_meshes/ground.jpg\n'}
[0.049850] (dis_tutorial3) StdoutLine: {'line': b'-- Up-to-date symlink: /home/puhster/Desktop/RINS_task2/install/dis_tutorial3/share/dis_tutorial3//worlds/2025/task1_meshes/map.dae\n'}
[0.049892] (dis_tutorial3) StdoutLine: {'line': b'-- Up-to-date symlink: /home/puhster/Desktop/RINS_task2/install/dis_tutorial3/share/dis_tutorial3//worlds/2025/task1_meshes/map_colliders.dae\n'}
[0.049915] (dis_tutorial3) StdoutLine: {'line': b'-- Up-to-date symlink: /home/puhster/Desktop/RINS_task2/install/dis_tutorial3/share/dis_tutorial3//worlds/2025/task1_meshes/objects.jpg\n'}
[0.049956] (dis_tutorial3) StdoutLine: {'line': b'-- Up-to-date symlink: /home/puhster/Desktop/RINS_task2/install/dis_tutorial3/share/dis_tutorial3//worlds/2025/task1_meshes/parking_space.jpg\n'}
[0.049981] (dis_tutorial3) StdoutLine: {'line': b'-- Up-to-date symlink: /home/puhster/Desktop/RINS_task2/install/dis_tutorial3/share/dis_tutorial3//worlds/2025/task1_meshes/person13.png\n'}
[0.050016] (dis_tutorial3) StdoutLine: {'line': b'-- Up-to-date symlink: /home/puhster/Desktop/RINS_task2/install/dis_tutorial3/share/dis_tutorial3//worlds/2025/task1_meshes/person2.png.001.png\n'}
[0.050058] (dis_tutorial3) StdoutLine: {'line': b'-- Up-to-date symlink: /home/puhster/Desktop/RINS_task2/install/dis_tutorial3/share/dis_tutorial3//worlds/2025/task1_meshes/person3.png.001.png\n'}
[0.050082] (dis_tutorial3) StdoutLine: {'line': b'-- Up-to-date symlink: /home/puhster/Desktop/RINS_task2/install/dis_tutorial3/share/dis_tutorial3//worlds/2025/task1_meshes/person5.png.001.png\n'}
[0.050129] (dis_tutorial3) StdoutLine: {'line': b'-- Up-to-date symlink: /home/puhster/Desktop/RINS_task2/install/dis_tutorial3/share/dis_tutorial3//worlds/2025/task1_meshes/person6.png\n'}
[0.050152] (dis_tutorial3) StdoutLine: {'line': b'-- Up-to-date symlink: /home/puhster/Desktop/RINS_task2/install/dis_tutorial3/share/dis_tutorial3//worlds/2025/task1_meshes/person8.png\n'}
[0.050189] (dis_tutorial3) StdoutLine: {'line': b'-- Up-to-date symlink: /home/puhster/Desktop/RINS_task2/install/dis_tutorial3/share/dis_tutorial3//worlds/2025/task1_meshes/qr1.jpg\n'}
[0.050225] (dis_tutorial3) StdoutLine: {'line': b'-- Up-to-date symlink: /home/puhster/Desktop/RINS_task2/install/dis_tutorial3/share/dis_tutorial3//worlds/2025/task1_meshes/qr2.jpg\n'}
[0.050268] (dis_tutorial3) StdoutLine: {'line': b'-- Up-to-date symlink: /home/puhster/Desktop/RINS_task2/install/dis_tutorial3/share/dis_tutorial3//worlds/2025/task1_meshes/red.jpg\n'}
[0.050315] (dis_tutorial3) StdoutLine: {'line': b'-- Up-to-date symlink: /home/puhster/Desktop/RINS_task2/install/dis_tutorial3/share/dis_tutorial3//worlds/2025/task1_meshes/yellow.jpg\n'}
[0.050342] (dis_tutorial3) StdoutLine: {'line': b'-- Up-to-date symlink: /home/puhster/Desktop/RINS_task2/install/dis_tutorial3/share/dis_tutorial3//worlds/2025/task2.sdf\n'}
[0.050381] (dis_tutorial3) StdoutLine: {'line': b'-- Up-to-date symlink: /home/puhster/Desktop/RINS_task2/install/dis_tutorial3/share/dis_tutorial3//worlds/2025/task2_meshes/american_crow.jpg\n'}
[0.050418] (dis_tutorial3) StdoutLine: {'line': b'-- Up-to-date symlink: /home/puhster/Desktop/RINS_task2/install/dis_tutorial3/share/dis_tutorial3//worlds/2025/task2_meshes/black.jpg\n'}
[0.050459] (dis_tutorial3) StdoutLine: {'line': b'-- Up-to-date symlink: /home/puhster/Desktop/RINS_task2/install/dis_tutorial3/share/dis_tutorial3//worlds/2025/task2_meshes/blue.jpg\n'}
[0.050484] (dis_tutorial3) StdoutLine: {'line': b'-- Up-to-date symlink: /home/puhster/Desktop/RINS_task2/install/dis_tutorial3/share/dis_tutorial3//worlds/2025/task2_meshes/common_tern.jpg\n'}
[0.050520] (dis_tutorial3) StdoutLine: {'line': b'-- Up-to-date symlink: /home/puhster/Desktop/RINS_task2/install/dis_tutorial3/share/dis_tutorial3//worlds/2025/task2_meshes/dirt2.jpg\n'}
[0.050563] (dis_tutorial3) StdoutLine: {'line': b'-- Up-to-date symlink: /home/puhster/Desktop/RINS_task2/install/dis_tutorial3/share/dis_tutorial3//worlds/2025/task2_meshes/fakering1.jpg\n'}
[0.050587] (dis_tutorial3) StdoutLine: {'line': b'-- Up-to-date symlink: /home/puhster/Desktop/RINS_task2/install/dis_tutorial3/share/dis_tutorial3//worlds/2025/task2_meshes/fakering3.jpg\n'}
[0.050623] (dis_tutorial3) StdoutLine: {'line': b'-- Up-to-date symlink: /home/puhster/Desktop/RINS_task2/install/dis_tutorial3/share/dis_tutorial3//worlds/2025/task2_meshes/grass.jpg\n'}
[0.050659] (dis_tutorial3) StdoutLine: {'line': b'-- Up-to-date symlink: /home/puhster/Desktop/RINS_task2/install/dis_tutorial3/share/dis_tutorial3//worlds/2025/task2_meshes/green.jpg\n'}
[0.050695] (dis_tutorial3) StdoutLine: {'line': b'-- Up-to-date symlink: /home/puhster/Desktop/RINS_task2/install/dis_tutorial3/share/dis_tutorial3//worlds/2025/task2_meshes/ground.jpg\n'}
[0.050742] (dis_tutorial3) StdoutLine: {'line': b'-- Up-to-date symlink: /home/puhster/Desktop/RINS_task2/install/dis_tutorial3/share/dis_tutorial3//worlds/2025/task2_meshes/map.dae\n'}
[0.050766] (dis_tutorial3) StdoutLine: {'line': b'-- Up-to-date symlink: /home/puhster/Desktop/RINS_task2/install/dis_tutorial3/share/dis_tutorial3//worlds/2025/task2_meshes/map_colliders.dae\n'}
[0.050796] (dis_tutorial3) StdoutLine: {'line': b'-- Up-to-date symlink: /home/puhster/Desktop/RINS_task2/install/dis_tutorial3/share/dis_tutorial3//worlds/2025/task2_meshes/objects.jpg\n'}
[0.050819] (dis_tutorial3) StdoutLine: {'line': b'-- Up-to-date symlink: /home/puhster/Desktop/RINS_task2/install/dis_tutorial3/share/dis_tutorial3//worlds/2025/task2_meshes/person29.jpg\n'}
[0.050854] (dis_tutorial3) StdoutLine: {'line': b'-- Up-to-date symlink: /home/puhster/Desktop/RINS_task2/install/dis_tutorial3/share/dis_tutorial3//worlds/2025/task2_meshes/person30.jpg\n'}
[0.050896] (dis_tutorial3) StdoutLine: {'line': b'-- Up-to-date symlink: /home/puhster/Desktop/RINS_task2/install/dis_tutorial3/share/dis_tutorial3//worlds/2025/task2_meshes/person31.jpg\n'}
[0.050922] (dis_tutorial3) StdoutLine: {'line': b'-- Up-to-date symlink: /home/puhster/Desktop/RINS_task2/install/dis_tutorial3/share/dis_tutorial3//worlds/2025/task2_meshes/person36.jpg\n'}
[0.050958] (dis_tutorial3) StdoutLine: {'line': b'-- Up-to-date symlink: /home/puhster/Desktop/RINS_task2/install/dis_tutorial3/share/dis_tutorial3//worlds/2025/task2_meshes/pied_kingfisher.jpg\n'}
[0.050995] (dis_tutorial3) StdoutLine: {'line': b'-- Up-to-date symlink: /home/puhster/Desktop/RINS_task2/install/dis_tutorial3/share/dis_tutorial3//worlds/2025/task2_meshes/qr_blackbird.jpg\n'}
[0.051031] (dis_tutorial3) StdoutLine: {'line': b'-- Up-to-date symlink: /home/puhster/Desktop/RINS_task2/install/dis_tutorial3/share/dis_tutorial3//worlds/2025/task2_meshes/qr_crow.jpg\n'}
[0.051075] (dis_tutorial3) StdoutLine: {'line': b'-- Up-to-date symlink: /home/puhster/Desktop/RINS_task2/install/dis_tutorial3/share/dis_tutorial3//worlds/2025/task2_meshes/qr_kingfisher.jpg\n'}
[0.051099] (dis_tutorial3) StdoutLine: {'line': b'-- Up-to-date symlink: /home/puhster/Desktop/RINS_task2/install/dis_tutorial3/share/dis_tutorial3//worlds/2025/task2_meshes/qr_tern.jpg\n'}
[0.051123] (dis_tutorial3) StdoutLine: {'line': b'-- Up-to-date symlink: /home/puhster/Desktop/RINS_task2/install/dis_tutorial3/share/dis_tutorial3//worlds/2025/task2_meshes/red.jpg\n'}
[0.051159] (dis_tutorial3) StdoutLine: {'line': b'-- Up-to-date symlink: /home/puhster/Desktop/RINS_task2/install/dis_tutorial3/share/dis_tutorial3//worlds/2025/task2_meshes/water.jpg\n'}
[0.051200] (dis_tutorial3) StdoutLine: {'line': b'-- Up-to-date symlink: /home/puhster/Desktop/RINS_task2/install/dis_tutorial3/share/dis_tutorial3//worlds/2025/task2_meshes/wood.jpg\n'}
[0.051226] (dis_tutorial3) StdoutLine: {'line': b'-- Up-to-date symlink: /home/puhster/Desktop/RINS_task2/install/dis_tutorial3/share/dis_tutorial3//worlds/2025/task2_meshes/yellow.jpg\n'}
[0.051265] (dis_tutorial3) StdoutLine: {'line': b'-- Up-to-date symlink: /home/puhster/Desktop/RINS_task2/install/dis_tutorial3/share/dis_tutorial3//worlds/2025/task2_meshes/yellow_headed_blackbird.jpg\n'}
[0.051322] (dis_tutorial3) StdoutLine: {'line': b'-- Up-to-date symlink: /home/puhster/Desktop/RINS_task2/install/dis_tutorial3/share/dis_tutorial3//worlds/bird_demo1.sdf\n'}
[0.051348] (dis_tutorial3) StdoutLine: {'line': b'-- Up-to-date symlink: /home/puhster/Desktop/RINS_task2/install/dis_tutorial3/share/dis_tutorial3//worlds/bird_demo1_meshes/black.jpg\n'}
[0.051392] (dis_tutorial3) StdoutLine: {'line': b'-- Up-to-date symlink: /home/puhster/Desktop/RINS_task2/install/dis_tutorial3/share/dis_tutorial3//worlds/bird_demo1_meshes/blue.jpg\n'}
[0.051430] (dis_tutorial3) StdoutLine: {'line': b'-- Up-to-date symlink: /home/puhster/Desktop/RINS_task2/install/dis_tutorial3/share/dis_tutorial3//worlds/bird_demo1_meshes/dirt2.jpg\n'}
[0.051456] (dis_tutorial3) StdoutLine: {'line': b'-- Up-to-date symlink: /home/puhster/Desktop/RINS_task2/install/dis_tutorial3/share/dis_tutorial3//worlds/bird_demo1_meshes/fakering1.jpg\n'}
[0.051491] (dis_tutorial3) StdoutLine: {'line': b'-- Up-to-date symlink: /home/puhster/Desktop/RINS_task2/install/dis_tutorial3/share/dis_tutorial3//worlds/bird_demo1_meshes/fakering2.jpg\n'}
[0.051530] (dis_tutorial3) StdoutLine: {'line': b'-- Up-to-date symlink: /home/puhster/Desktop/RINS_task2/install/dis_tutorial3/share/dis_tutorial3//worlds/bird_demo1_meshes/fakering3.jpg\n'}
[0.051556] (dis_tutorial3) StdoutLine: {'line': b'-- Up-to-date symlink: /home/puhster/Desktop/RINS_task2/install/dis_tutorial3/share/dis_tutorial3//worlds/bird_demo1_meshes/frigatebird.jpg\n'}
[0.051592] (dis_tutorial3) StdoutLine: {'line': b'-- Up-to-date symlink: /home/puhster/Desktop/RINS_task2/install/dis_tutorial3/share/dis_tutorial3//worlds/bird_demo1_meshes/grass.jpg\n'}
[0.051632] (dis_tutorial3) StdoutLine: {'line': b'-- Up-to-date symlink: /home/puhster/Desktop/RINS_task2/install/dis_tutorial3/share/dis_tutorial3//worlds/bird_demo1_meshes/grass_side.jpg\n'}
[0.051658] (dis_tutorial3) StdoutLine: {'line': b'-- Up-to-date symlink: /home/puhster/Desktop/RINS_task2/install/dis_tutorial3/share/dis_tutorial3//worlds/bird_demo1_meshes/green.jpg\n'}
[0.051695] (dis_tutorial3) StdoutLine: {'line': b'-- Up-to-date symlink: /home/puhster/Desktop/RINS_task2/install/dis_tutorial3/share/dis_tutorial3//worlds/bird_demo1_meshes/green_kingfisher.jpg\n'}
[0.051736] (dis_tutorial3) StdoutLine: {'line': b'-- Up-to-date symlink: /home/puhster/Desktop/RINS_task2/install/dis_tutorial3/share/dis_tutorial3//worlds/bird_demo1_meshes/ground.jpg\n'}
[0.051762] (dis_tutorial3) StdoutLine: {'line': b'-- Up-to-date symlink: /home/puhster/Desktop/RINS_task2/install/dis_tutorial3/share/dis_tutorial3//worlds/bird_demo1_meshes/map.dae\n'}
[0.051799] (dis_tutorial3) StdoutLine: {'line': b'-- Up-to-date symlink: /home/puhster/Desktop/RINS_task2/install/dis_tutorial3/share/dis_tutorial3//worlds/bird_demo1_meshes/map_colliders.dae\n'}
[0.051825] (dis_tutorial3) StdoutLine: {'line': b'-- Up-to-date symlink: /home/puhster/Desktop/RINS_task2/install/dis_tutorial3/share/dis_tutorial3//worlds/bird_demo1_meshes/objects.jpg\n'}
[0.051868] (dis_tutorial3) StdoutLine: {'line': b'-- Up-to-date symlink: /home/puhster/Desktop/RINS_task2/install/dis_tutorial3/share/dis_tutorial3//worlds/bird_demo1_meshes/person1.png\n'}
[0.051895] (dis_tutorial3) StdoutLine: {'line': b'-- Up-to-date symlink: /home/puhster/Desktop/RINS_task2/install/dis_tutorial3/share/dis_tutorial3//worlds/bird_demo1_meshes/person13.png\n'}
[0.051919] (dis_tutorial3) StdoutLine: {'line': b'-- Up-to-date symlink: /home/puhster/Desktop/RINS_task2/install/dis_tutorial3/share/dis_tutorial3//worlds/bird_demo1_meshes/person14.png\n'}
[0.051956] (dis_tutorial3) StdoutLine: {'line': b'-- Up-to-date symlink: /home/puhster/Desktop/RINS_task2/install/dis_tutorial3/share/dis_tutorial3//worlds/bird_demo1_meshes/person2.png.001.png\n'}
[0.051995] (dis_tutorial3) StdoutLine: {'line': b'-- Up-to-date symlink: /home/puhster/Desktop/RINS_task2/install/dis_tutorial3/share/dis_tutorial3//worlds/bird_demo1_meshes/person5.png.001.png\n'}
[0.052021] (dis_tutorial3) StdoutLine: {'line': b'-- Up-to-date symlink: /home/puhster/Desktop/RINS_task2/install/dis_tutorial3/share/dis_tutorial3//worlds/bird_demo1_meshes/person7.png\n'}
[0.052057] (dis_tutorial3) StdoutLine: {'line': b'-- Up-to-date symlink: /home/puhster/Desktop/RINS_task2/install/dis_tutorial3/share/dis_tutorial3//worlds/bird_demo1_meshes/qr1.jpg\n'}
[0.052096] (dis_tutorial3) StdoutLine: {'line': b'-- Up-to-date symlink: /home/puhster/Desktop/RINS_task2/install/dis_tutorial3/share/dis_tutorial3//worlds/bird_demo1_meshes/qr2.jpg\n'}
[0.052122] (dis_tutorial3) StdoutLine: {'line': b'-- Up-to-date symlink: /home/puhster/Desktop/RINS_task2/install/dis_tutorial3/share/dis_tutorial3//worlds/bird_demo1_meshes/qr3.jpg\n'}
[0.052166] (dis_tutorial3) StdoutLine: {'line': b'-- Up-to-date symlink: /home/puhster/Desktop/RINS_task2/install/dis_tutorial3/share/dis_tutorial3//worlds/bird_demo1_meshes/qr4.jpg\n'}
[0.052198] (dis_tutorial3) StdoutLine: {'line': b'-- Up-to-date symlink: /home/puhster/Desktop/RINS_task2/install/dis_tutorial3/share/dis_tutorial3//worlds/bird_demo1_meshes/red.jpg\n'}
[0.052231] (dis_tutorial3) StdoutLine: {'line': b'-- Up-to-date symlink: /home/puhster/Desktop/RINS_task2/install/dis_tutorial3/share/dis_tutorial3//worlds/bird_demo1_meshes/rosy_finch.jpg\n'}
[0.052256] (dis_tutorial3) StdoutLine: {'line': b'-- Up-to-date symlink: /home/puhster/Desktop/RINS_task2/install/dis_tutorial3/share/dis_tutorial3//worlds/bird_demo1_meshes/rusty_blackbird.jpg\n'}
[0.052280] (dis_tutorial3) StdoutLine: {'line': b'-- Up-to-date symlink: /home/puhster/Desktop/RINS_task2/install/dis_tutorial3/share/dis_tutorial3//worlds/bird_demo1_meshes/water.jpg\n'}
[0.052325] (dis_tutorial3) StdoutLine: {'line': b'-- Up-to-date symlink: /home/puhster/Desktop/RINS_task2/install/dis_tutorial3/share/dis_tutorial3//worlds/bird_demo1_meshes/wood.jpg\n'}
[0.052355] (dis_tutorial3) StdoutLine: {'line': b'-- Up-to-date symlink: /home/puhster/Desktop/RINS_task2/install/dis_tutorial3/share/dis_tutorial3//worlds/bird_demo1_meshes/yellow.jpg\n'}
[0.052383] (dis_tutorial3) StdoutLine: {'line': b'-- Up-to-date symlink: /home/puhster/Desktop/RINS_task2/install/dis_tutorial3/share/dis_tutorial3//worlds/task1.sdf\n'}
[0.052424] (dis_tutorial3) StdoutLine: {'line': b'-- Up-to-date symlink: /home/puhster/Desktop/RINS_task2/install/dis_tutorial3/share/dis_tutorial3//worlds/task1_blue_demo.sdf\n'}
[0.052449] (dis_tutorial3) StdoutLine: {'line': b'-- Up-to-date symlink: /home/puhster/Desktop/RINS_task2/install/dis_tutorial3/share/dis_tutorial3//worlds/task1_blue_demo_meshes/black.jpg\n'}
[0.052486] (dis_tutorial3) StdoutLine: {'line': b'-- Up-to-date symlink: /home/puhster/Desktop/RINS_task2/install/dis_tutorial3/share/dis_tutorial3//worlds/task1_blue_demo_meshes/blue.jpg\n'}
[0.052525] (dis_tutorial3) StdoutLine: {'line': b'-- Up-to-date symlink: /home/puhster/Desktop/RINS_task2/install/dis_tutorial3/share/dis_tutorial3//worlds/task1_blue_demo_meshes/collider.obj\n'}
[0.052552] (dis_tutorial3) StdoutLine: {'line': b'-- Up-to-date symlink: /home/puhster/Desktop/RINS_task2/install/dis_tutorial3/share/dis_tutorial3//worlds/task1_blue_demo_meshes/fakering1.jpg\n'}
[0.052589] (dis_tutorial3) StdoutLine: {'line': b'-- Up-to-date symlink: /home/puhster/Desktop/RINS_task2/install/dis_tutorial3/share/dis_tutorial3//worlds/task1_blue_demo_meshes/fakering2.jpg\n'}
[0.052627] (dis_tutorial3) StdoutLine: {'line': b'-- Up-to-date symlink: /home/puhster/Desktop/RINS_task2/install/dis_tutorial3/share/dis_tutorial3//worlds/task1_blue_demo_meshes/fakering3.jpg\n'}
[0.052653] (dis_tutorial3) StdoutLine: {'line': b'-- Up-to-date symlink: /home/puhster/Desktop/RINS_task2/install/dis_tutorial3/share/dis_tutorial3//worlds/task1_blue_demo_meshes/green.jpg\n'}
[0.052690] (dis_tutorial3) StdoutLine: {'line': b'-- Up-to-date symlink: /home/puhster/Desktop/RINS_task2/install/dis_tutorial3/share/dis_tutorial3//worlds/task1_blue_demo_meshes/ground.jpg\n'}
[0.052728] (dis_tutorial3) StdoutLine: {'line': b'-- Up-to-date symlink: /home/puhster/Desktop/RINS_task2/install/dis_tutorial3/share/dis_tutorial3//worlds/task1_blue_demo_meshes/map.mtl\n'}
[0.052754] (dis_tutorial3) StdoutLine: {'line': b'-- Up-to-date symlink: /home/puhster/Desktop/RINS_task2/install/dis_tutorial3/share/dis_tutorial3//worlds/task1_blue_demo_meshes/map.obj\n'}
[0.052791] (dis_tutorial3) StdoutLine: {'line': b'-- Up-to-date symlink: /home/puhster/Desktop/RINS_task2/install/dis_tutorial3/share/dis_tutorial3//worlds/task1_blue_demo_meshes/objects.jpg\n'}
[0.052831] (dis_tutorial3) StdoutLine: {'line': b'-- Up-to-date symlink: /home/puhster/Desktop/RINS_task2/install/dis_tutorial3/share/dis_tutorial3//worlds/task1_blue_demo_meshes/person1.png\n'}
[0.052857] (dis_tutorial3) StdoutLine: {'line': b'-- Up-to-date symlink: /home/puhster/Desktop/RINS_task2/install/dis_tutorial3/share/dis_tutorial3//worlds/task1_blue_demo_meshes/person18.png\n'}
[0.052892] (dis_tutorial3) StdoutLine: {'line': b'-- Up-to-date symlink: /home/puhster/Desktop/RINS_task2/install/dis_tutorial3/share/dis_tutorial3//worlds/task1_blue_demo_meshes/person5.png\n'}
[0.052932] (dis_tutorial3) StdoutLine: {'line': b'-- Up-to-date symlink: /home/puhster/Desktop/RINS_task2/install/dis_tutorial3/share/dis_tutorial3//worlds/task1_blue_demo_meshes/red.jpg\n'}
[0.052959] (dis_tutorial3) StdoutLine: {'line': b'-- Up-to-date symlink: /home/puhster/Desktop/RINS_task2/install/dis_tutorial3/share/dis_tutorial3//worlds/task1_blue_demo_meshes/yellow.jpg\n'}
[0.052995] (dis_tutorial3) StdoutLine: {'line': b'-- Up-to-date symlink: /home/puhster/Desktop/RINS_task2/install/dis_tutorial3/share/dis_tutorial3//worlds/task1_green_demo.sdf\n'}
[0.053048] (dis_tutorial3) StdoutLine: {'line': b'-- Up-to-date symlink: /home/puhster/Desktop/RINS_task2/install/dis_tutorial3/share/dis_tutorial3//worlds/task1_green_demo_meshes/black.jpg\n'}
[0.053073] (dis_tutorial3) StdoutLine: {'line': b'-- Up-to-date symlink: /home/puhster/Desktop/RINS_task2/install/dis_tutorial3/share/dis_tutorial3//worlds/task1_green_demo_meshes/blue.jpg\n'}
[0.053106] (dis_tutorial3) StdoutLine: {'line': b'-- Up-to-date symlink: /home/puhster/Desktop/RINS_task2/install/dis_tutorial3/share/dis_tutorial3//worlds/task1_green_demo_meshes/collider.mtl\n'}
[0.053131] (dis_tutorial3) StdoutLine: {'line': b'-- Up-to-date symlink: /home/puhster/Desktop/RINS_task2/install/dis_tutorial3/share/dis_tutorial3//worlds/task1_green_demo_meshes/collider.obj\n'}
[0.053155] (dis_tutorial3) StdoutLine: {'line': b'-- Up-to-date symlink: /home/puhster/Desktop/RINS_task2/install/dis_tutorial3/share/dis_tutorial3//worlds/task1_green_demo_meshes/fakering1.jpg\n'}
[0.053199] (dis_tutorial3) StdoutLine: {'line': b'-- Up-to-date symlink: /home/puhster/Desktop/RINS_task2/install/dis_tutorial3/share/dis_tutorial3//worlds/task1_green_demo_meshes/fakering2.jpg\n'}
[0.053225] (dis_tutorial3) StdoutLine: {'line': b'-- Up-to-date symlink: /home/puhster/Desktop/RINS_task2/install/dis_tutorial3/share/dis_tutorial3//worlds/task1_green_demo_meshes/fakering3.jpg\n'}
[0.053251] (dis_tutorial3) StdoutLine: {'line': b'-- Up-to-date symlink: /home/puhster/Desktop/RINS_task2/install/dis_tutorial3/share/dis_tutorial3//worlds/task1_green_demo_meshes/green.jpg\n'}
[0.053288] (dis_tutorial3) StdoutLine: {'line': b'-- Up-to-date symlink: /home/puhster/Desktop/RINS_task2/install/dis_tutorial3/share/dis_tutorial3//worlds/task1_green_demo_meshes/ground.jpg\n'}
[0.053334] (dis_tutorial3) StdoutLine: {'line': b'-- Up-to-date symlink: /home/puhster/Desktop/RINS_task2/install/dis_tutorial3/share/dis_tutorial3//worlds/task1_green_demo_meshes/map.mtl\n'}
[0.053363] (dis_tutorial3) StdoutLine: {'line': b'-- Up-to-date symlink: /home/puhster/Desktop/RINS_task2/install/dis_tutorial3/share/dis_tutorial3//worlds/task1_green_demo_meshes/map.obj\n'}
[0.053404] (dis_tutorial3) StdoutLine: {'line': b'-- Up-to-date symlink: /home/puhster/Desktop/RINS_task2/install/dis_tutorial3/share/dis_tutorial3//worlds/task1_green_demo_meshes/objects.jpg\n'}
[0.053444] (dis_tutorial3) StdoutLine: {'line': b'-- Up-to-date symlink: /home/puhster/Desktop/RINS_task2/install/dis_tutorial3/share/dis_tutorial3//worlds/task1_green_demo_meshes/person17.png\n'}
[0.053469] (dis_tutorial3) StdoutLine: {'line': b'-- Up-to-date symlink: /home/puhster/Desktop/RINS_task2/install/dis_tutorial3/share/dis_tutorial3//worlds/task1_green_demo_meshes/person25.jpg\n'}
[0.053505] (dis_tutorial3) StdoutLine: {'line': b'-- Up-to-date symlink: /home/puhster/Desktop/RINS_task2/install/dis_tutorial3/share/dis_tutorial3//worlds/task1_green_demo_meshes/person37.jpg\n'}
[0.053544] (dis_tutorial3) StdoutLine: {'line': b'-- Up-to-date symlink: /home/puhster/Desktop/RINS_task2/install/dis_tutorial3/share/dis_tutorial3//worlds/task1_green_demo_meshes/red.jpg\n'}
[0.053570] (dis_tutorial3) StdoutLine: {'line': b'-- Up-to-date symlink: /home/puhster/Desktop/RINS_task2/install/dis_tutorial3/share/dis_tutorial3//worlds/task1_green_demo_meshes/yellow.jpg\n'}
[0.053607] (dis_tutorial3) StdoutLine: {'line': b'-- Up-to-date symlink: /home/puhster/Desktop/RINS_task2/install/dis_tutorial3/share/dis_tutorial3//worlds/task1_meshes/black.jpg\n'}
[0.053645] (dis_tutorial3) StdoutLine: {'line': b'-- Up-to-date symlink: /home/puhster/Desktop/RINS_task2/install/dis_tutorial3/share/dis_tutorial3//worlds/task1_meshes/blue.jpg\n'}
[0.053671] (dis_tutorial3) StdoutLine: {'line': b'-- Up-to-date symlink: /home/puhster/Desktop/RINS_task2/install/dis_tutorial3/share/dis_tutorial3//worlds/task1_meshes/collider.obj\n'}
[0.053713] (dis_tutorial3) StdoutLine: {'line': b'-- Up-to-date symlink: /home/puhster/Desktop/RINS_task2/install/dis_tutorial3/share/dis_tutorial3//worlds/task1_meshes/fakering1.jpg\n'}
[0.053739] (dis_tutorial3) StdoutLine: {'line': b'-- Up-to-date symlink: /home/puhster/Desktop/RINS_task2/install/dis_tutorial3/share/dis_tutorial3//worlds/task1_meshes/fakering2.jpg\n'}
[0.053763] (dis_tutorial3) StdoutLine: {'line': b'-- Up-to-date symlink: /home/puhster/Desktop/RINS_task2/install/dis_tutorial3/share/dis_tutorial3//worlds/task1_meshes/fakering3.jpg\n'}
[0.053800] (dis_tutorial3) StdoutLine: {'line': b'-- Up-to-date symlink: /home/puhster/Desktop/RINS_task2/install/dis_tutorial3/share/dis_tutorial3//worlds/task1_meshes/green.jpg\n'}
[0.053844] (dis_tutorial3) StdoutLine: {'line': b'-- Up-to-date symlink: /home/puhster/Desktop/RINS_task2/install/dis_tutorial3/share/dis_tutorial3//worlds/task1_meshes/ground.jpg\n'}
[0.053873] (dis_tutorial3) StdoutLine: {'line': b'-- Up-to-date symlink: /home/puhster/Desktop/RINS_task2/install/dis_tutorial3/share/dis_tutorial3//worlds/task1_meshes/map.mtl\n'}
[0.053900] (dis_tutorial3) StdoutLine: {'line': b'-- Up-to-date symlink: /home/puhster/Desktop/RINS_task2/install/dis_tutorial3/share/dis_tutorial3//worlds/task1_meshes/map.obj\n'}
[0.053946] (dis_tutorial3) StdoutLine: {'line': b'-- Up-to-date symlink: /home/puhster/Desktop/RINS_task2/install/dis_tutorial3/share/dis_tutorial3//worlds/task1_meshes/objects.jpg\n'}
[0.053974] (dis_tutorial3) StdoutLine: {'line': b'-- Up-to-date symlink: /home/puhster/Desktop/RINS_task2/install/dis_tutorial3/share/dis_tutorial3//worlds/task1_meshes/person21.png\n'}
[0.054003] (dis_tutorial3) StdoutLine: {'line': b'-- Up-to-date symlink: /home/puhster/Desktop/RINS_task2/install/dis_tutorial3/share/dis_tutorial3//worlds/task1_meshes/person28.jpg\n'}
[0.054042] (dis_tutorial3) StdoutLine: {'line': b'-- Up-to-date symlink: /home/puhster/Desktop/RINS_task2/install/dis_tutorial3/share/dis_tutorial3//worlds/task1_meshes/person29.jpg\n'}
[0.054088] (dis_tutorial3) StdoutLine: {'line': b'-- Up-to-date symlink: /home/puhster/Desktop/RINS_task2/install/dis_tutorial3/share/dis_tutorial3//worlds/task1_meshes/red.jpg\n'}
[0.054113] (dis_tutorial3) StdoutLine: {'line': b'-- Up-to-date symlink: /home/puhster/Desktop/RINS_task2/install/dis_tutorial3/share/dis_tutorial3//worlds/task1_meshes/yellow.jpg\n'}
[0.054150] (dis_tutorial3) StdoutLine: {'line': b'-- Up-to-date symlink: /home/puhster/Desktop/RINS_task2/install/dis_tutorial3/share/dis_tutorial3//worlds/task1_yellow_demo.sdf\n'}
[0.054188] (dis_tutorial3) StdoutLine: {'line': b'-- Up-to-date symlink: /home/puhster/Desktop/RINS_task2/install/dis_tutorial3/share/dis_tutorial3//worlds/task1_yellow_demo_meshes/black.jpg\n'}
[0.054214] (dis_tutorial3) StdoutLine: {'line': b'-- Up-to-date symlink: /home/puhster/Desktop/RINS_task2/install/dis_tutorial3/share/dis_tutorial3//worlds/task1_yellow_demo_meshes/blue.jpg\n'}
[0.054253] (dis_tutorial3) StdoutLine: {'line': b'-- Up-to-date symlink: /home/puhster/Desktop/RINS_task2/install/dis_tutorial3/share/dis_tutorial3//worlds/task1_yellow_demo_meshes/collider.obj\n'}
[0.054294] (dis_tutorial3) StdoutLine: {'line': b'-- Up-to-date symlink: /home/puhster/Desktop/RINS_task2/install/dis_tutorial3/share/dis_tutorial3//worlds/task1_yellow_demo_meshes/fakering1.jpg\n'}
[0.054321] (dis_tutorial3) StdoutLine: {'line': b'-- Up-to-date symlink: /home/puhster/Desktop/RINS_task2/install/dis_tutorial3/share/dis_tutorial3//worlds/task1_yellow_demo_meshes/fakering2.jpg\n'}
[0.054368] (dis_tutorial3) StdoutLine: {'line': b'-- Up-to-date symlink: /home/puhster/Desktop/RINS_task2/install/dis_tutorial3/share/dis_tutorial3//worlds/task1_yellow_demo_meshes/fakering3.jpg\n'}
[0.054393] (dis_tutorial3) StdoutLine: {'line': b'-- Up-to-date symlink: /home/puhster/Desktop/RINS_task2/install/dis_tutorial3/share/dis_tutorial3//worlds/task1_yellow_demo_meshes/green.jpg\n'}
[0.054420] (dis_tutorial3) StdoutLine: {'line': b'-- Up-to-date symlink: /home/puhster/Desktop/RINS_task2/install/dis_tutorial3/share/dis_tutorial3//worlds/task1_yellow_demo_meshes/ground.jpg\n'}
[0.054462] (dis_tutorial3) StdoutLine: {'line': b'-- Up-to-date symlink: /home/puhster/Desktop/RINS_task2/install/dis_tutorial3/share/dis_tutorial3//worlds/task1_yellow_demo_meshes/map.mtl\n'}
[0.054501] (dis_tutorial3) StdoutLine: {'line': b'-- Up-to-date symlink: /home/puhster/Desktop/RINS_task2/install/dis_tutorial3/share/dis_tutorial3//worlds/task1_yellow_demo_meshes/map.obj\n'}
[0.054526] (dis_tutorial3) StdoutLine: {'line': b'-- Up-to-date symlink: /home/puhster/Desktop/RINS_task2/install/dis_tutorial3/share/dis_tutorial3//worlds/task1_yellow_demo_meshes/objects.jpg\n'}
[0.054563] (dis_tutorial3) StdoutLine: {'line': b'-- Up-to-date symlink: /home/puhster/Desktop/RINS_task2/install/dis_tutorial3/share/dis_tutorial3//worlds/task1_yellow_demo_meshes/person11.png\n'}
[0.054602] (dis_tutorial3) StdoutLine: {'line': b'-- Up-to-date symlink: /home/puhster/Desktop/RINS_task2/install/dis_tutorial3/share/dis_tutorial3//worlds/task1_yellow_demo_meshes/person12.png\n'}
[0.054627] (dis_tutorial3) StdoutLine: {'line': b'-- Up-to-date symlink: /home/puhster/Desktop/RINS_task2/install/dis_tutorial3/share/dis_tutorial3//worlds/task1_yellow_demo_meshes/person9.png\n'}
[0.054671] (dis_tutorial3) StdoutLine: {'line': b'-- Up-to-date symlink: /home/puhster/Desktop/RINS_task2/install/dis_tutorial3/share/dis_tutorial3//worlds/task1_yellow_demo_meshes/red.jpg\n'}
[0.054696] (dis_tutorial3) StdoutLine: {'line': b'-- Up-to-date symlink: /home/puhster/Desktop/RINS_task2/install/dis_tutorial3/share/dis_tutorial3//worlds/task1_yellow_demo_meshes/yellow.jpg\n'}
[0.054721] (dis_tutorial3) StdoutLine: {'line': b'-- Up-to-date symlink: /home/puhster/Desktop/RINS_task2/install/dis_tutorial3/share/dis_tutorial3//worlds/task2_blue_demo.sdf\n'}
[0.054762] (dis_tutorial3) StdoutLine: {'line': b'-- Up-to-date symlink: /home/puhster/Desktop/RINS_task2/install/dis_tutorial3/share/dis_tutorial3//worlds/task2_blue_demo_meshes/anita_she_her_quality_inspector.png\n'}
[0.054789] (dis_tutorial3) StdoutLine: {'line': b'-- Up-to-date symlink: /home/puhster/Desktop/RINS_task2/install/dis_tutorial3/share/dis_tutorial3//worlds/task2_blue_demo_meshes/asphalt.jpg\n'}
[0.054835] (dis_tutorial3) StdoutLine: {'line': b'-- Up-to-date symlink: /home/puhster/Desktop/RINS_task2/install/dis_tutorial3/share/dis_tutorial3//worlds/task2_blue_demo_meshes/belt.jpg\n'}
[0.054859] (dis_tutorial3) StdoutLine: {'line': b'-- Up-to-date symlink: /home/puhster/Desktop/RINS_task2/install/dis_tutorial3/share/dis_tutorial3//worlds/task2_blue_demo_meshes/black.jpg\n'}
[0.054883] (dis_tutorial3) StdoutLine: {'line': b'-- Up-to-date symlink: /home/puhster/Desktop/RINS_task2/install/dis_tutorial3/share/dis_tutorial3//worlds/task2_blue_demo_meshes/blue.jpg\n'}
[0.054924] (dis_tutorial3) StdoutLine: {'line': b'-- Up-to-date symlink: /home/puhster/Desktop/RINS_task2/install/dis_tutorial3/share/dis_tutorial3//worlds/task2_blue_demo_meshes/buildings_colourmap.png\n'}
[0.054950] (dis_tutorial3) StdoutLine: {'line': b'-- Up-to-date symlink: /home/puhster/Desktop/RINS_task2/install/dis_tutorial3/share/dis_tutorial3//worlds/task2_blue_demo_meshes/collider.mtl\n'}
[0.054994] (dis_tutorial3) StdoutLine: {'line': b'-- Up-to-date symlink: /home/puhster/Desktop/RINS_task2/install/dis_tutorial3/share/dis_tutorial3//worlds/task2_blue_demo_meshes/collider.obj\n'}
[0.055023] (dis_tutorial3) StdoutLine: {'line': b'-- Up-to-date symlink: /home/puhster/Desktop/RINS_task2/install/dis_tutorial3/share/dis_tutorial3//worlds/task2_blue_demo_meshes/colormap.png\n'}
[0.055063] (dis_tutorial3) StdoutLine: {'line': b'-- Up-to-date symlink: /home/puhster/Desktop/RINS_task2/install/dis_tutorial3/share/dis_tutorial3//worlds/task2_blue_demo_meshes/damaged10.png\n'}
[0.055107] (dis_tutorial3) StdoutLine: {'line': b'-- Up-to-date symlink: /home/puhster/Desktop/RINS_task2/install/dis_tutorial3/share/dis_tutorial3//worlds/task2_blue_demo_meshes/damaged11.png\n'}
[0.055139] (dis_tutorial3) StdoutLine: {'line': b'-- Up-to-date symlink: /home/puhster/Desktop/RINS_task2/install/dis_tutorial3/share/dis_tutorial3//worlds/task2_blue_demo_meshes/damaged12.png\n'}
[0.055171] (dis_tutorial3) StdoutLine: {'line': b'-- Up-to-date symlink: /home/puhster/Desktop/RINS_task2/install/dis_tutorial3/share/dis_tutorial3//worlds/task2_blue_demo_meshes/damaged13.png\n'}
[0.055196] (dis_tutorial3) StdoutLine: {'line': b'-- Up-to-date symlink: /home/puhster/Desktop/RINS_task2/install/dis_tutorial3/share/dis_tutorial3//worlds/task2_blue_demo_meshes/damaged14.png\n'}
[0.055253] (dis_tutorial3) StdoutLine: {'line': b'-- Up-to-date symlink: /home/puhster/Desktop/RINS_task2/install/dis_tutorial3/share/dis_tutorial3//worlds/task2_blue_demo_meshes/damaged15.png\n'}
[0.055285] (dis_tutorial3) StdoutLine: {'line': b'-- Up-to-date symlink: /home/puhster/Desktop/RINS_task2/install/dis_tutorial3/share/dis_tutorial3//worlds/task2_blue_demo_meshes/fakering1.jpg\n'}
[0.055332] (dis_tutorial3) StdoutLine: {'line': b'-- Up-to-date symlink: /home/puhster/Desktop/RINS_task2/install/dis_tutorial3/share/dis_tutorial3//worlds/task2_blue_demo_meshes/fakering2.jpg\n'}
[0.055362] (dis_tutorial3) StdoutLine: {'line': b'-- Up-to-date symlink: /home/puhster/Desktop/RINS_task2/install/dis_tutorial3/share/dis_tutorial3//worlds/task2_blue_demo_meshes/fakering3.jpg\n'}
[0.055384] (dis_tutorial3) StdoutLine: {'line': b'-- Up-to-date symlink: /home/puhster/Desktop/RINS_task2/install/dis_tutorial3/share/dis_tutorial3//worlds/task2_blue_demo_meshes/felix_he_him_belt_technician.png\n'}
[0.055479] (dis_tutorial3) StdoutLine: {'line': b'-- Up-to-date symlink: /home/puhster/Desktop/RINS_task2/install/dis_tutorial3/share/dis_tutorial3//worlds/task2_blue_demo_meshes/good1.png\n'}
[0.055506] (dis_tutorial3) StdoutLine: {'line': b'-- Up-to-date symlink: /home/puhster/Desktop/RINS_task2/install/dis_tutorial3/share/dis_tutorial3//worlds/task2_blue_demo_meshes/good2.png\n'}
[0.055532] (dis_tutorial3) StdoutLine: {'line': b'-- Up-to-date symlink: /home/puhster/Desktop/RINS_task2/install/dis_tutorial3/share/dis_tutorial3//worlds/task2_blue_demo_meshes/green.jpg\n'}
[0.055664] (dis_tutorial3) StdoutLine: {'line': b'-- Up-to-date symlink: /home/puhster/Desktop/RINS_task2/install/dis_tutorial3/share/dis_tutorial3//worlds/task2_blue_demo_meshes/ground.jpg\n'}
[0.055694] (dis_tutorial3) StdoutLine: {'line': b'-- Up-to-date symlink: /home/puhster/Desktop/RINS_task2/install/dis_tutorial3/share/dis_tutorial3//worlds/task2_blue_demo_meshes/jeff_he_him_cto.png\n'}
[0.055719] (dis_tutorial3) StdoutLine: {'line': b'-- Up-to-date symlink: /home/puhster/Desktop/RINS_task2/install/dis_tutorial3/share/dis_tutorial3//worlds/task2_blue_demo_meshes/laura_she_her_middle_manager.png\n'}
[0.055745] (dis_tutorial3) StdoutLine: {'line': b'-- Up-to-date symlink: /home/puhster/Desktop/RINS_task2/install/dis_tutorial3/share/dis_tutorial3//worlds/task2_blue_demo_meshes/map.mtl\n'}
[0.055771] (dis_tutorial3) StdoutLine: {'line': b'-- Up-to-date symlink: /home/puhster/Desktop/RINS_task2/install/dis_tutorial3/share/dis_tutorial3//worlds/task2_blue_demo_meshes/map.obj\n'}
[0.055880] (dis_tutorial3) StdoutLine: {'line': b'-- Up-to-date symlink: /home/puhster/Desktop/RINS_task2/install/dis_tutorial3/share/dis_tutorial3//worlds/task2_blue_demo_meshes/objects.jpg\n'}
[0.055910] (dis_tutorial3) StdoutLine: {'line': b'-- Up-to-date symlink: /home/puhster/Desktop/RINS_task2/install/dis_tutorial3/share/dis_tutorial3//worlds/task2_blue_demo_meshes/qr_barrels.png\n'}
[0.055937] (dis_tutorial3) StdoutLine: {'line': b'-- Up-to-date symlink: /home/puhster/Desktop/RINS_task2/install/dis_tutorial3/share/dis_tutorial3//worlds/task2_blue_demo_meshes/qr_break.png\n'}
[0.055965] (dis_tutorial3) StdoutLine: {'line': b'-- Up-to-date symlink: /home/puhster/Desktop/RINS_task2/install/dis_tutorial3/share/dis_tutorial3//worlds/task2_blue_demo_meshes/qr_bridge.png\n'}
[0.055991] (dis_tutorial3) StdoutLine: {'line': b'-- Up-to-date symlink: /home/puhster/Desktop/RINS_task2/install/dis_tutorial3/share/dis_tutorial3//worlds/task2_blue_demo_meshes/qr_cto.png\n'}
[0.056018] (dis_tutorial3) StdoutLine: {'line': b'-- Up-to-date symlink: /home/puhster/Desktop/RINS_task2/install/dis_tutorial3/share/dis_tutorial3//worlds/task2_blue_demo_meshes/qr_flow.png\n'}
[0.056058] (dis_tutorial3) StdoutLine: {'line': b'-- Up-to-date symlink: /home/puhster/Desktop/RINS_task2/install/dis_tutorial3/share/dis_tutorial3//worlds/task2_blue_demo_meshes/qr_greenbelt.png\n'}
[0.056111] (dis_tutorial3) StdoutLine: {'line': b'-- Up-to-date symlink: /home/puhster/Desktop/RINS_task2/install/dis_tutorial3/share/dis_tutorial3//worlds/task2_blue_demo_meshes/qr_incinerator.png\n'}
[0.056141] (dis_tutorial3) StdoutLine: {'line': b'-- Up-to-date symlink: /home/puhster/Desktop/RINS_task2/install/dis_tutorial3/share/dis_tutorial3//worlds/task2_blue_demo_meshes/qr_nothing.png\n'}
[0.056168] (dis_tutorial3) StdoutLine: {'line': b'-- Up-to-date symlink: /home/puhster/Desktop/RINS_task2/install/dis_tutorial3/share/dis_tutorial3//worlds/task2_blue_demo_meshes/qr_redbelt.png\n'}
[0.056198] (dis_tutorial3) StdoutLine: {'line': b'-- Up-to-date symlink: /home/puhster/Desktop/RINS_task2/install/dis_tutorial3/share/dis_tutorial3//worlds/task2_blue_demo_meshes/qr_rings.png\n'}
[0.056227] (dis_tutorial3) StdoutLine: {'line': b'-- Up-to-date symlink: /home/puhster/Desktop/RINS_task2/install/dis_tutorial3/share/dis_tutorial3//worlds/task2_blue_demo_meshes/red.jpg\n'}
[0.056270] (dis_tutorial3) StdoutLine: {'line': b'-- Up-to-date symlink: /home/puhster/Desktop/RINS_task2/install/dis_tutorial3/share/dis_tutorial3//worlds/task2_blue_demo_meshes/victor_he_him_plc_programmer.png\n'}
[0.056320] (dis_tutorial3) StdoutLine: {'line': b'-- Up-to-date symlink: /home/puhster/Desktop/RINS_task2/install/dis_tutorial3/share/dis_tutorial3//worlds/task2_blue_demo_meshes/yellow.jpg\n'}
[0.056352] (dis_tutorial3) StdoutLine: {'line': b'-- Up-to-date symlink: /home/puhster/Desktop/RINS_task2/install/dis_tutorial3/share/dis_tutorial3//worlds/task2_green_demo.sdf\n'}
[0.056380] (dis_tutorial3) StdoutLine: {'line': b'-- Up-to-date symlink: /home/puhster/Desktop/RINS_task2/install/dis_tutorial3/share/dis_tutorial3//worlds/task2_green_demo_meshes/asphalt.jpg\n'}
[0.056423] (dis_tutorial3) StdoutLine: {'line': b'-- Up-to-date symlink: /home/puhster/Desktop/RINS_task2/install/dis_tutorial3/share/dis_tutorial3//worlds/task2_green_demo_meshes/belt.jpg\n'}
[0.056453] (dis_tutorial3) StdoutLine: {'line': b'-- Up-to-date symlink: /home/puhster/Desktop/RINS_task2/install/dis_tutorial3/share/dis_tutorial3//worlds/task2_green_demo_meshes/black.jpg\n'}
[0.056507] (dis_tutorial3) StdoutLine: {'line': b'-- Up-to-date symlink: /home/puhster/Desktop/RINS_task2/install/dis_tutorial3/share/dis_tutorial3//worlds/task2_green_demo_meshes/blue.jpg\n'}
[0.056550] (dis_tutorial3) StdoutLine: {'line': b'-- Up-to-date symlink: /home/puhster/Desktop/RINS_task2/install/dis_tutorial3/share/dis_tutorial3//worlds/task2_green_demo_meshes/buildings_colourmap.png\n'}
[0.056612] (dis_tutorial3) StdoutLine: {'line': b'-- Up-to-date symlink: /home/puhster/Desktop/RINS_task2/install/dis_tutorial3/share/dis_tutorial3//worlds/task2_green_demo_meshes/collider.mtl\n'}
[0.056654] (dis_tutorial3) StdoutLine: {'line': b'-- Up-to-date symlink: /home/puhster/Desktop/RINS_task2/install/dis_tutorial3/share/dis_tutorial3//worlds/task2_green_demo_meshes/collider.obj\n'}
[0.056694] (dis_tutorial3) StdoutLine: {'line': b'-- Up-to-date symlink: /home/puhster/Desktop/RINS_task2/install/dis_tutorial3/share/dis_tutorial3//worlds/task2_green_demo_meshes/colormap.png\n'}
[0.056752] (dis_tutorial3) StdoutLine: {'line': b'-- Up-to-date symlink: /home/puhster/Desktop/RINS_task2/install/dis_tutorial3/share/dis_tutorial3//worlds/task2_green_demo_meshes/damaged10.png\n'}
[0.056794] (dis_tutorial3) StdoutLine: {'line': b'-- Up-to-date symlink: /home/puhster/Desktop/RINS_task2/install/dis_tutorial3/share/dis_tutorial3//worlds/task2_green_demo_meshes/damaged11.png\n'}
[0.056852] (dis_tutorial3) StdoutLine: {'line': b'-- Up-to-date symlink: /home/puhster/Desktop/RINS_task2/install/dis_tutorial3/share/dis_tutorial3//worlds/task2_green_demo_meshes/damaged12.png\n'}
[0.056892] (dis_tutorial3) StdoutLine: {'line': b'-- Up-to-date symlink: /home/puhster/Desktop/RINS_task2/install/dis_tutorial3/share/dis_tutorial3//worlds/task2_green_demo_meshes/damaged13.png\n'}
[0.056952] (dis_tutorial3) StdoutLine: {'line': b'-- Up-to-date symlink: /home/puhster/Desktop/RINS_task2/install/dis_tutorial3/share/dis_tutorial3//worlds/task2_green_demo_meshes/damaged14.png\n'}
[0.056993] (dis_tutorial3) StdoutLine: {'line': b'-- Up-to-date symlink: /home/puhster/Desktop/RINS_task2/install/dis_tutorial3/share/dis_tutorial3//worlds/task2_green_demo_meshes/damaged15.png\n'}
[0.057050] (dis_tutorial3) StdoutLine: {'line': b'-- Up-to-date symlink: /home/puhster/Desktop/RINS_task2/install/dis_tutorial3/share/dis_tutorial3//worlds/task2_green_demo_meshes/elena_she_her_forklift_driver.png\n'}
[0.057094] (dis_tutorial3) StdoutLine: {'line': b'-- Up-to-date symlink: /home/puhster/Desktop/RINS_task2/install/dis_tutorial3/share/dis_tutorial3//worlds/task2_green_demo_meshes/fakering1.jpg\n'}
[0.057153] (dis_tutorial3) StdoutLine: {'line': b'-- Up-to-date symlink: /home/puhster/Desktop/RINS_task2/install/dis_tutorial3/share/dis_tutorial3//worlds/task2_green_demo_meshes/fakering2.jpg\n'}
[0.057194] (dis_tutorial3) StdoutLine: {'line': b'-- Up-to-date symlink: /home/puhster/Desktop/RINS_task2/install/dis_tutorial3/share/dis_tutorial3//worlds/task2_green_demo_meshes/fakering3.jpg\n'}
[0.057255] (dis_tutorial3) StdoutLine: {'line': b'-- Up-to-date symlink: /home/puhster/Desktop/RINS_task2/install/dis_tutorial3/share/dis_tutorial3//worlds/task2_green_demo_meshes/fred_he_him_visitor.png\n'}
[0.057296] (dis_tutorial3) StdoutLine: {'line': b'-- Up-to-date symlink: /home/puhster/Desktop/RINS_task2/install/dis_tutorial3/share/dis_tutorial3//worlds/task2_green_demo_meshes/good1.png\n'}
[0.057354] (dis_tutorial3) StdoutLine: {'line': b'-- Up-to-date symlink: /home/puhster/Desktop/RINS_task2/install/dis_tutorial3/share/dis_tutorial3//worlds/task2_green_demo_meshes/good2.png\n'}
[0.057395] (dis_tutorial3) StdoutLine: {'line': b'-- Up-to-date symlink: /home/puhster/Desktop/RINS_task2/install/dis_tutorial3/share/dis_tutorial3//worlds/task2_green_demo_meshes/green.jpg\n'}
[0.057456] (dis_tutorial3) StdoutLine: {'line': b'-- Up-to-date symlink: /home/puhster/Desktop/RINS_task2/install/dis_tutorial3/share/dis_tutorial3//worlds/task2_green_demo_meshes/ground.jpg\n'}
[0.057497] (dis_tutorial3) StdoutLine: {'line': b'-- Up-to-date symlink: /home/puhster/Desktop/RINS_task2/install/dis_tutorial3/share/dis_tutorial3//worlds/task2_green_demo_meshes/jeff_he_him_cto.png\n'}
[0.057564] (dis_tutorial3) StdoutLine: {'line': b'-- Up-to-date symlink: /home/puhster/Desktop/RINS_task2/install/dis_tutorial3/share/dis_tutorial3//worlds/task2_green_demo_meshes/luka_he_him_accountant.png\n'}
[0.057607] (dis_tutorial3) StdoutLine: {'line': b'-- Up-to-date symlink: /home/puhster/Desktop/RINS_task2/install/dis_tutorial3/share/dis_tutorial3//worlds/task2_green_demo_meshes/map.mtl\n'}
[0.057666] (dis_tutorial3) StdoutLine: {'line': b'-- Up-to-date symlink: /home/puhster/Desktop/RINS_task2/install/dis_tutorial3/share/dis_tutorial3//worlds/task2_green_demo_meshes/map.obj\n'}
[0.057706] (dis_tutorial3) StdoutLine: {'line': b'-- Up-to-date symlink: /home/puhster/Desktop/RINS_task2/install/dis_tutorial3/share/dis_tutorial3//worlds/task2_green_demo_meshes/maria_she_her_delivery_driver.png\n'}
[0.057743] (dis_tutorial3) StdoutLine: {'line': b'-- Up-to-date symlink: /home/puhster/Desktop/RINS_task2/install/dis_tutorial3/share/dis_tutorial3//worlds/task2_green_demo_meshes/objects.jpg\n'}
[0.057808] (dis_tutorial3) StdoutLine: {'line': b'-- Up-to-date symlink: /home/puhster/Desktop/RINS_task2/install/dis_tutorial3/share/dis_tutorial3//worlds/task2_green_demo_meshes/qr_barrels.png\n'}
[0.057849] (dis_tutorial3) StdoutLine: {'line': b'-- Up-to-date symlink: /home/puhster/Desktop/RINS_task2/install/dis_tutorial3/share/dis_tutorial3//worlds/task2_green_demo_meshes/qr_bridge.png\n'}
[0.057888] (dis_tutorial3) StdoutLine: {'line': b'-- Up-to-date symlink: /home/puhster/Desktop/RINS_task2/install/dis_tutorial3/share/dis_tutorial3//worlds/task2_green_demo_meshes/qr_cto.png\n'}
[0.057954] (dis_tutorial3) StdoutLine: {'line': b'-- Up-to-date symlink: /home/puhster/Desktop/RINS_task2/install/dis_tutorial3/share/dis_tutorial3//worlds/task2_green_demo_meshes/qr_flow.png\n'}
[0.057993] (dis_tutorial3) StdoutLine: {'line': b'-- Up-to-date symlink: /home/puhster/Desktop/RINS_task2/install/dis_tutorial3/share/dis_tutorial3//worlds/task2_green_demo_meshes/qr_greenbelt.png\n'}
[0.058033] (dis_tutorial3) StdoutLine: {'line': b'-- Up-to-date symlink: /home/puhster/Desktop/RINS_task2/install/dis_tutorial3/share/dis_tutorial3//worlds/task2_green_demo_meshes/qr_incinerator.png\n'}
[0.058097] (dis_tutorial3) StdoutLine: {'line': b'-- Up-to-date symlink: /home/puhster/Desktop/RINS_task2/install/dis_tutorial3/share/dis_tutorial3//worlds/task2_green_demo_meshes/qr_nothing.png\n'}
[0.058137] (dis_tutorial3) StdoutLine: {'line': b'-- Up-to-date symlink: /home/puhster/Desktop/RINS_task2/install/dis_tutorial3/share/dis_tutorial3//worlds/task2_green_demo_meshes/qr_redbelt.png\n'}
[0.058175] (dis_tutorial3) StdoutLine: {'line': b'-- Up-to-date symlink: /home/puhster/Desktop/RINS_task2/install/dis_tutorial3/share/dis_tutorial3//worlds/task2_green_demo_meshes/qr_rings.png\n'}
[0.058241] (dis_tutorial3) StdoutLine: {'line': b'-- Up-to-date symlink: /home/puhster/Desktop/RINS_task2/install/dis_tutorial3/share/dis_tutorial3//worlds/task2_green_demo_meshes/red.jpg\n'}
[0.058282] (dis_tutorial3) StdoutLine: {'line': b'-- Up-to-date symlink: /home/puhster/Desktop/RINS_task2/install/dis_tutorial3/share/dis_tutorial3//worlds/task2_green_demo_meshes/yellow.jpg\n'}
[0.058337] (dis_tutorial3) StdoutLine: {'line': b'-- Up-to-date symlink: /home/puhster/Desktop/RINS_task2/install/dis_tutorial3/share/dis_tutorial3//worlds/task2_yellow_demo.sdf\n'}
[0.058395] (dis_tutorial3) StdoutLine: {'line': b'-- Up-to-date symlink: /home/puhster/Desktop/RINS_task2/install/dis_tutorial3/share/dis_tutorial3//worlds/task2_yellow_demo_meshes/anna_she_her_visitor.png\n'}
[0.058459] (dis_tutorial3) StdoutLine: {'line': b'-- Up-to-date symlink: /home/puhster/Desktop/RINS_task2/install/dis_tutorial3/share/dis_tutorial3//worlds/task2_yellow_demo_meshes/asphalt.jpg\n'}
[0.058508] (dis_tutorial3) StdoutLine: {'line': b'-- Up-to-date symlink: /home/puhster/Desktop/RINS_task2/install/dis_tutorial3/share/dis_tutorial3//worlds/task2_yellow_demo_meshes/belt.jpg\n'}
[0.058545] (dis_tutorial3) StdoutLine: {'line': b'-- Up-to-date symlink: /home/puhster/Desktop/RINS_task2/install/dis_tutorial3/share/dis_tutorial3//worlds/task2_yellow_demo_meshes/black.jpg\n'}
[0.058600] (dis_tutorial3) StdoutLine: {'line': b'-- Up-to-date symlink: /home/puhster/Desktop/RINS_task2/install/dis_tutorial3/share/dis_tutorial3//worlds/task2_yellow_demo_meshes/blue.jpg\n'}
[0.058665] (dis_tutorial3) StdoutLine: {'line': b'-- Up-to-date symlink: /home/puhster/Desktop/RINS_task2/install/dis_tutorial3/share/dis_tutorial3//worlds/task2_yellow_demo_meshes/buildings_colourmap.png\n'}
[0.058707] (dis_tutorial3) StdoutLine: {'line': b'-- Up-to-date symlink: /home/puhster/Desktop/RINS_task2/install/dis_tutorial3/share/dis_tutorial3//worlds/task2_yellow_demo_meshes/collider.mtl\n'}
[0.058763] (dis_tutorial3) StdoutLine: {'line': b'-- Up-to-date symlink: /home/puhster/Desktop/RINS_task2/install/dis_tutorial3/share/dis_tutorial3//worlds/task2_yellow_demo_meshes/collider.obj\n'}
[0.058828] (dis_tutorial3) StdoutLine: {'line': b'-- Up-to-date symlink: /home/puhster/Desktop/RINS_task2/install/dis_tutorial3/share/dis_tutorial3//worlds/task2_yellow_demo_meshes/colormap.png\n'}
[0.058870] (dis_tutorial3) StdoutLine: {'line': b'-- Up-to-date symlink: /home/puhster/Desktop/RINS_task2/install/dis_tutorial3/share/dis_tutorial3//worlds/task2_yellow_demo_meshes/damaged19.png\n'}
[0.058932] (dis_tutorial3) StdoutLine: {'line': b'-- Up-to-date symlink: /home/puhster/Desktop/RINS_task2/install/dis_tutorial3/share/dis_tutorial3//worlds/task2_yellow_demo_meshes/damaged20.png\n'}
[0.058973] (dis_tutorial3) StdoutLine: {'line': b'-- Up-to-date symlink: /home/puhster/Desktop/RINS_task2/install/dis_tutorial3/share/dis_tutorial3//worlds/task2_yellow_demo_meshes/damaged21.png\n'}
[0.059038] (dis_tutorial3) StdoutLine: {'line': b'-- Up-to-date symlink: /home/puhster/Desktop/RINS_task2/install/dis_tutorial3/share/dis_tutorial3//worlds/task2_yellow_demo_meshes/damaged25.png\n'}
[0.059078] (dis_tutorial3) StdoutLine: {'line': b'-- Up-to-date symlink: /home/puhster/Desktop/RINS_task2/install/dis_tutorial3/share/dis_tutorial3//worlds/task2_yellow_demo_meshes/damaged26.png\n'}
[0.059142] (dis_tutorial3) StdoutLine: {'line': b'-- Up-to-date symlink: /home/puhster/Desktop/RINS_task2/install/dis_tutorial3/share/dis_tutorial3//worlds/task2_yellow_demo_meshes/david_he_him_welder.png\n'}
[0.059191] (dis_tutorial3) StdoutLine: {'line': b'-- Up-to-date symlink: /home/puhster/Desktop/RINS_task2/install/dis_tutorial3/share/dis_tutorial3//worlds/task2_yellow_demo_meshes/fakering1.jpg\n'}
[0.059232] (dis_tutorial3) StdoutLine: {'line': b'-- Up-to-date symlink: /home/puhster/Desktop/RINS_task2/install/dis_tutorial3/share/dis_tutorial3//worlds/task2_yellow_demo_meshes/fakering2.jpg\n'}
[0.059293] (dis_tutorial3) StdoutLine: {'line': b'-- Up-to-date symlink: /home/puhster/Desktop/RINS_task2/install/dis_tutorial3/share/dis_tutorial3//worlds/task2_yellow_demo_meshes/fakering3.jpg\n'}
[0.059333] (dis_tutorial3) StdoutLine: {'line': b'-- Up-to-date symlink: /home/puhster/Desktop/RINS_task2/install/dis_tutorial3/share/dis_tutorial3//worlds/task2_yellow_demo_meshes/good2.png\n'}
[0.059391] (dis_tutorial3) StdoutLine: {'line': b'-- Up-to-date symlink: /home/puhster/Desktop/RINS_task2/install/dis_tutorial3/share/dis_tutorial3//worlds/task2_yellow_demo_meshes/good5.png\n'}
[0.059447] (dis_tutorial3) StdoutLine: {'line': b'-- Up-to-date symlink: /home/puhster/Desktop/RINS_task2/install/dis_tutorial3/share/dis_tutorial3//worlds/task2_yellow_demo_meshes/green.jpg\n'}
[0.059511] (dis_tutorial3) StdoutLine: {'line': b'-- Up-to-date symlink: /home/puhster/Desktop/RINS_task2/install/dis_tutorial3/share/dis_tutorial3//worlds/task2_yellow_demo_meshes/ground.jpg\n'}
[0.059551] (dis_tutorial3) StdoutLine: {'line': b'-- Up-to-date symlink: /home/puhster/Desktop/RINS_task2/install/dis_tutorial3/share/dis_tutorial3//worlds/task2_yellow_demo_meshes/jeff_he_him_cto.png\n'}
[0.059607] (dis_tutorial3) StdoutLine: {'line': b'-- Up-to-date symlink: /home/puhster/Desktop/RINS_task2/install/dis_tutorial3/share/dis_tutorial3//worlds/task2_yellow_demo_meshes/map.mtl\n'}
[0.059664] (dis_tutorial3) StdoutLine: {'line': b'-- Up-to-date symlink: /home/puhster/Desktop/RINS_task2/install/dis_tutorial3/share/dis_tutorial3//worlds/task2_yellow_demo_meshes/map.obj\n'}
[0.059729] (dis_tutorial3) StdoutLine: {'line': b'-- Up-to-date symlink: /home/puhster/Desktop/RINS_task2/install/dis_tutorial3/share/dis_tutorial3//worlds/task2_yellow_demo_meshes/objects.jpg\n'}
[0.059770] (dis_tutorial3) StdoutLine: {'line': b'-- Up-to-date symlink: /home/puhster/Desktop/RINS_task2/install/dis_tutorial3/share/dis_tutorial3//worlds/task2_yellow_demo_meshes/qr_barrels.png\n'}
[0.059831] (dis_tutorial3) StdoutLine: {'line': b'-- Up-to-date symlink: /home/puhster/Desktop/RINS_task2/install/dis_tutorial3/share/dis_tutorial3//worlds/task2_yellow_demo_meshes/qr_bridge.png\n'}
[0.059870] (dis_tutorial3) StdoutLine: {'line': b'-- Up-to-date symlink: /home/puhster/Desktop/RINS_task2/install/dis_tutorial3/share/dis_tutorial3//worlds/task2_yellow_demo_meshes/qr_cto.png\n'}
[0.059934] (dis_tutorial3) StdoutLine: {'line': b'-- Up-to-date symlink: /home/puhster/Desktop/RINS_task2/install/dis_tutorial3/share/dis_tutorial3//worlds/task2_yellow_demo_meshes/qr_flow.png\n'}
[0.059975] (dis_tutorial3) StdoutLine: {'line': b'-- Up-to-date symlink: /home/puhster/Desktop/RINS_task2/install/dis_tutorial3/share/dis_tutorial3//worlds/task2_yellow_demo_meshes/qr_greenbelt.png\n'}
[0.060030] (dis_tutorial3) StdoutLine: {'line': b'-- Up-to-date symlink: /home/puhster/Desktop/RINS_task2/install/dis_tutorial3/share/dis_tutorial3//worlds/task2_yellow_demo_meshes/qr_incinerator.png\n'}
[0.060095] (dis_tutorial3) StdoutLine: {'line': b'-- Up-to-date symlink: /home/puhster/Desktop/RINS_task2/install/dis_tutorial3/share/dis_tutorial3//worlds/task2_yellow_demo_meshes/qr_nothing.png\n'}
[0.060135] (dis_tutorial3) StdoutLine: {'line': b'-- Up-to-date symlink: /home/puhster/Desktop/RINS_task2/install/dis_tutorial3/share/dis_tutorial3//worlds/task2_yellow_demo_meshes/qr_redbelt.png\n'}
[0.060189] (dis_tutorial3) StdoutLine: {'line': b'-- Up-to-date symlink: /home/puhster/Desktop/RINS_task2/install/dis_tutorial3/share/dis_tutorial3//worlds/task2_yellow_demo_meshes/qr_rings.png\n'}
[0.060250] (dis_tutorial3) StdoutLine: {'line': b'-- Up-to-date symlink: /home/puhster/Desktop/RINS_task2/install/dis_tutorial3/share/dis_tutorial3//worlds/task2_yellow_demo_meshes/red.jpg\n'}
[0.060310] (dis_tutorial3) StdoutLine: {'line': b'-- Up-to-date symlink: /home/puhster/Desktop/RINS_task2/install/dis_tutorial3/share/dis_tutorial3//worlds/task2_yellow_demo_meshes/sara_she_her_inventory_manager.png\n'}
[0.060366] (dis_tutorial3) StdoutLine: {'line': b'-- Up-to-date symlink: /home/puhster/Desktop/RINS_task2/install/dis_tutorial3/share/dis_tutorial3//worlds/task2_yellow_demo_meshes/sofia_she_her_laser_calibrator.png\n'}
[0.060425] (dis_tutorial3) StdoutLine: {'line': b'-- Up-to-date symlink: /home/puhster/Desktop/RINS_task2/install/dis_tutorial3/share/dis_tutorial3//worlds/task2_yellow_demo_meshes/yellow.jpg\n'}
[0.060526] (dis_tutorial3) StdoutLine: {'line': b'-- Up-to-date symlink: /home/puhster/Desktop/RINS_task2/install/dis_tutorial3/share/dis_tutorial3//maps/bird_demo.pgm\n'}
[0.060583] (dis_tutorial3) StdoutLine: {'line': b'-- Up-to-date symlink: /home/puhster/Desktop/RINS_task2/install/dis_tutorial3/share/dis_tutorial3//maps/bird_demo.yaml\n'}
[0.060638] (dis_tutorial3) StdoutLine: {'line': b'-- Up-to-date symlink: /home/puhster/Desktop/RINS_task2/install/dis_tutorial3/share/dis_tutorial3//maps/task1.pgm\n'}
[0.060695] (dis_tutorial3) StdoutLine: {'line': b'-- Up-to-date symlink: /home/puhster/Desktop/RINS_task2/install/dis_tutorial3/share/dis_tutorial3//maps/task1.yaml\n'}
[0.060745] (dis_tutorial3) StdoutLine: {'line': b'-- Symlinking: /home/puhster/Desktop/RINS_task2/install/dis_tutorial3/share/dis_tutorial3//maps/task2.pgm\n'}
[0.065436] (dis_tutorial3) StdoutLine: {'line': b'-- Symlinking: /home/puhster/Desktop/RINS_task2/install/dis_tutorial3/share/dis_tutorial3//maps/task2.yaml\n'}
[0.069811] (dis_tutorial3) StdoutLine: {'line': b'-- Up-to-date symlink: /home/puhster/Desktop/RINS_task2/install/dis_tutorial3/share/dis_tutorial3//urdf/lite/turtlebot4.urdf.xacro\n'}
[0.069877] (dis_tutorial3) StdoutLine: {'line': b'-- Up-to-date symlink: /home/puhster/Desktop/RINS_task2/install/dis_tutorial3/share/dis_tutorial3//urdf/sensors/camera_bracket.urdf.xacro\n'}
[0.069903] (dis_tutorial3) StdoutLine: {'line': b'-- Up-to-date symlink: /home/puhster/Desktop/RINS_task2/install/dis_tutorial3/share/dis_tutorial3//urdf/sensors/oakd.urdf.xacro\n'}
[0.069941] (dis_tutorial3) StdoutLine: {'line': b'-- Up-to-date symlink: /home/puhster/Desktop/RINS_task2/install/dis_tutorial3/share/dis_tutorial3//urdf/sensors/rplidar.urdf.xacro\n'}
[0.069981] (dis_tutorial3) StdoutLine: {'line': b'-- Up-to-date symlink: /home/puhster/Desktop/RINS_task2/install/dis_tutorial3/share/dis_tutorial3//urdf/standard/tower_sensor_plate.urdf.xacro\n'}
[0.070019] (dis_tutorial3) StdoutLine: {'line': b'-- Up-to-date symlink: /home/puhster/Desktop/RINS_task2/install/dis_tutorial3/share/dis_tutorial3//urdf/standard/tower_standoff.urdf.xacro\n'}
[0.070062] (dis_tutorial3) StdoutLine: {'line': b'-- Up-to-date symlink: /home/puhster/Desktop/RINS_task2/install/dis_tutorial3/share/dis_tutorial3//urdf/standard/turtlebot4.urdf.xacro\n'}
[0.070088] (dis_tutorial3) StdoutLine: {'line': b'-- Up-to-date symlink: /home/puhster/Desktop/RINS_task2/install/dis_tutorial3/share/dis_tutorial3//urdf/standard/weight_block.urdf.xacro\n'}
[0.070123] (dis_tutorial3) StdoutLine: {'line': b'-- Up-to-date symlink: /home/puhster/Desktop/RINS_task2/install/dis_tutorial3/lib/dis_tutorial3/detect_people.py\n'}
[0.070160] (dis_tutorial3) StdoutLine: {'line': b'-- Up-to-date symlink: /home/puhster/Desktop/RINS_task2/install/dis_tutorial3/lib/dis_tutorial3/robot_commander.py\n'}
[0.070230] (dis_tutorial3) StdoutLine: {'line': b'-- Up-to-date symlink: /home/puhster/Desktop/RINS_task2/install/dis_tutorial3/share/ament_index/resource_index/package_run_dependencies/dis_tutorial3\n'}
[0.070305] (dis_tutorial3) StdoutLine: {'line': b'-- Up-to-date symlink: /home/puhster/Desktop/RINS_task2/install/dis_tutorial3/share/ament_index/resource_index/parent_prefix_path/dis_tutorial3\n'}
[0.070370] (dis_tutorial3) StdoutLine: {'line': b'-- Up-to-date symlink: /home/puhster/Desktop/RINS_task2/install/dis_tutorial3/share/dis_tutorial3/environment/ament_prefix_path.sh\n'}
[0.070428] (dis_tutorial3) StdoutLine: {'line': b'-- Up-to-date symlink: /home/puhster/Desktop/RINS_task2/install/dis_tutorial3/share/dis_tutorial3/environment/ament_prefix_path.dsv\n'}
[0.070486] (dis_tutorial3) StdoutLine: {'line': b'-- Up-to-date symlink: /home/puhster/Desktop/RINS_task2/install/dis_tutorial3/share/dis_tutorial3/environment/path.sh\n'}
[0.070543] (dis_tutorial3) StdoutLine: {'line': b'-- Up-to-date symlink: /home/puhster/Desktop/RINS_task2/install/dis_tutorial3/share/dis_tutorial3/environment/path.dsv\n'}
[0.070598] (dis_tutorial3) StdoutLine: {'line': b'-- Up-to-date symlink: /home/puhster/Desktop/RINS_task2/install/dis_tutorial3/share/dis_tutorial3/local_setup.bash\n'}
[0.070652] (dis_tutorial3) StdoutLine: {'line': b'-- Up-to-date symlink: /home/puhster/Desktop/RINS_task2/install/dis_tutorial3/share/dis_tutorial3/local_setup.sh\n'}
[0.070705] (dis_tutorial3) StdoutLine: {'line': b'-- Up-to-date symlink: /home/puhster/Desktop/RINS_task2/install/dis_tutorial3/share/dis_tutorial3/local_setup.zsh\n'}
[0.070757] (dis_tutorial3) StdoutLine: {'line': b'-- Up-to-date symlink: /home/puhster/Desktop/RINS_task2/install/dis_tutorial3/share/dis_tutorial3/local_setup.dsv\n'}
[0.070800] (dis_tutorial3) StdoutLine: {'line': b'-- Symlinking: /home/puhster/Desktop/RINS_task2/install/dis_tutorial3/share/dis_tutorial3/package.dsv\n'}
[0.075119] (dis_tutorial3) StdoutLine: {'line': b'-- Up-to-date symlink: /home/puhster/Desktop/RINS_task2/install/dis_tutorial3/share/ament_index/resource_index/packages/dis_tutorial3\n'}
[0.075191] (dis_tutorial3) StdoutLine: {'line': b'-- Up-to-date symlink: /home/puhster/Desktop/RINS_task2/install/dis_tutorial3/share/dis_tutorial3/cmake/dis_tutorial3Config.cmake\n'}
[0.075229] (dis_tutorial3) StdoutLine: {'line': b'-- Up-to-date symlink: /home/puhster/Desktop/RINS_task2/install/dis_tutorial3/share/dis_tutorial3/cmake/dis_tutorial3Config-version.cmake\n'}
[0.075267] (dis_tutorial3) StdoutLine: {'line': b'-- Up-to-date symlink: /home/puhster/Desktop/RINS_task2/install/dis_tutorial3/share/dis_tutorial3/package.xml\n'}
[0.075995] (dis_tutorial3) CommandEnded: {'returncode': 0}
[0.082856] (dis_tutorial3) JobEnded: {'identifier': 'dis_tutorial3', 'rc': 0}
[0.083113] (-) EventReactorShutdown: {}
